-- INSERTING DATA DUMP

SET FOREIGN_KEY_CHECKS = 0;

INSERT INTO Coupon (CouponID, Code, Description, DiscountType, DiscountValue, MinOrderValue, UsageLimit, UsageCount, IsActive) VALUES
(1, 'WELCOME10', 'New customer 10% discount', 'Percent', 10.00, 30.00, 100, 45, 1),
(2, 'WINTER25', 'Winter sale 25% off', 'Percent', 25.00, 50.00, 200, 127, 1),
(3, 'SPRING15', 'Spring collection 15% off', 'Percent', 15.00, 40.00, 150, 89, 1),
(4, 'FREESHIP', '£5 off shipping', 'FixedAmount', 5.00, 25.00, NULL, 234, 1),
(5, 'VIP20', 'VIP customer 20% discount', 'Percent', 20.00, 75.00, 50, 38, 1),
(6, 'BLACKFRIDAY', 'Black Friday 30% off', 'Percent', 30.00, 100.00, 500, 312, 1),
(7, 'XMAS20', 'Christmas special 20% off', 'Percent', 20.00, 60.00, 300, 178, 1),
(8, 'SAVE10', '£10 off your order', 'FixedAmount', 10.00, 50.00, 200, 145, 1),
(9, 'FIRST5', 'First purchase £5 off', 'FixedAmount', 5.00, 20.00, NULL, 89, 1),
(10, 'LOYALTY15', 'Loyalty member 15% off', 'Percent', 15.00, 45.00, 100, 67, 1),
(11, 'SUMMER10', 'Summer sale 10% off', 'Percent', 10.00, 35.00, 250, 156, 1),
(12, 'BUNDLE20', 'Combo purchase 20% off', 'Percent', 20.00, 80.00, 75, 42, 1),
(13, 'REFER20', 'Referral £20 off', 'FixedAmount', 20.00, 100.00, 150, 91, 1),
(14, 'FLASH15', 'Flash sale 15% off', 'Percent', 15.00, 40.00, 100, 88, 0),
(15, 'BDAY25', 'Birthday special 25% off', 'Percent', 25.00, 50.00, NULL, 234, 1);

INSERT INTO DeliveryZone (ZoneID, ZoneName, StandardDeliveryDays, MaxDailyCapacity, PostcodePrefixes, IsActive) VALUES
(1, 'Central London', 1, 200, 'W1,WC1,WC2,EC1,EC2,EC3,EC4,SW1,E1', 1),
(2, 'Greater London', 2, 150, 'N,NW,E,SE,SW,W,WC,EC', 1),
(3, 'Manchester Metropolitan', 1, 120, 'M1,M2,M3,M4,M5', 1),
(4, 'Greater Manchester', 2, 100, 'M,OL,BL,SK', 1),
(5, 'Birmingham City Centre', 1, 100, 'B1,B2,B3,B4,B5', 1),
(6, 'West Midlands', 2, 90, 'B,WS,WV,DY,CV', 1),
(7, 'Glasgow City Centre', 1, 80, 'G1,G2,G3,G4', 1),
(8, 'Central Scotland', 2, 70, 'G,PA,ML,EH', 1),
(9, 'Leeds City Centre', 1, 70, 'LS1,LS2,LS3', 1),
(10, 'Yorkshire', 2, 80, 'LS,BD,HX,HD,WF', 1),
(11, 'Liverpool Merseyside', 1, 60, 'L1,L2,L3', 1),
(12, 'North West England', 3, 100, 'L,CH,WA,PR,LA,FY', 1);

INSERT INTO LoyaltyAccount (LoyaltyAccountID, CustomerID, CurrentPointsBalance, TotalPointsEarned, TierLevel, IsActive) VALUES
(1, 1, 450, 1250, 'Bronze', 1),
(2, 2, 1200, 3400, 'Silver', 1),
(3, 3, 180, 890, 'Bronze', 1),
(4, 4, 2800, 7200, 'Gold', 1),
(5, 5, 620, 1850, 'Silver', 1),
(6, 6, 4200, 12500, 'Gold', 1),
(7, 7, 340, 980, 'Bronze', 1),
(8, 8, 1850, 4800, 'Silver', 1),
(9, 9, 520, 1420, 'Bronze', 1),
(10, 10, 2950, 8100, 'Gold', 1),
(11, 11, 890, 2650, 'Silver', 1),
(12, 12, 3200, 9800, 'Gold', 1),
(13, 13, 270, 1150, 'Bronze', 1),
(14, 14, 1650, 4200, 'Silver', 1),
(15, 15, 740, 2180, 'Silver', 1),
(16, 16, 3500, 11200, 'Gold', 1),
(17, 17, 420, 1380, 'Bronze', 1),
(18, 18, 1920, 5100, 'Silver', 1),
(19, 19, 580, 1640, 'Bronze', 1),
(20, 20, 2700, 7800, 'Gold', 1),
(21, 21, 1100, 3250, 'Silver', 1),
(22, 22, 3850, 10900, 'Gold', 1),
(23, 23, 310, 1090, 'Bronze', 1),
(24, 24, 1780, 4650, 'Silver', 1),
(25, 25, 690, 2020, 'Silver', 1),
(26, 26, 3100, 9200, 'Gold', 1),
(27, 27, 460, 1520, 'Bronze', 1),
(28, 28, 2050, 5800, 'Silver', 1),
(29, 29, 820, 2380, 'Silver', 1),
(30, 30, 2900, 8500, 'Gold', 1),
(31, 31, 540, 1680, 'Bronze', 1),
(32, 32, 1950, 5350, 'Silver', 1),
(33, 33, 380, 1240, 'Bronze', 1),
(34, 34, 3300, 10100, 'Gold', 1),
(35, 35, 1250, 3680, 'Silver', 1),
(36, 36, 4100, 13200, 'Gold', 1),
(37, 37, 290, 1020, 'Bronze', 1),
(38, 38, 1680, 4480, 'Silver', 1),
(39, 39, 710, 2140, 'Silver', 1),
(40, 40, 3600, 11500, 'Gold', 1),
(41, 41, 490, 1570, 'Bronze', 1),
(42, 42, 2100, 5950, 'Silver', 1),
(43, 43, 860, 2520, 'Silver', 1),
(44, 44, 3050, 9600, 'Gold', 1),
(45, 45, 620, 1890, 'Silver', 1),
(46, 46, 3900, 12100, 'Gold', 1),
(47, 47, 370, 1310, 'Bronze', 1),
(48, 48, 1820, 4920, 'Silver', 1),
(49, 49, 560, 1720, 'Bronze', 1),
(50, 50, 2850, 8300, 'Gold', 1),
(51, 51, 1050, 3050, 'Silver', 1),
(52, 52, 3700, 11800, 'Gold', 1),
(53, 53, 420, 1450, 'Bronze', 1),
(54, 54, 1920, 5250, 'Silver', 1),
(55, 55, 780, 2290, 'Silver', 1),
(56, 56, 3250, 10300, 'Gold', 1),
(57, 57, 510, 1620, 'Bronze', 1),
(58, 58, 2150, 6100, 'Silver', 1),
(59, 59, 840, 2450, 'Silver', 1),
(60, 60, 3400, 10800, 'Gold', 1);


INSERT INTO LoyaltyTransaction (TransactionID, LoyaltyAccountID, OrderID, TotalPointsEarned, TierLevel, IsActive, TransactionDate) VALUES
(1, 1, 1, 60, 'Bronze', 1, '2024-10-15 10:35:00'),
(2, 1, NULL, -100, 'Bronze', 1, '2024-11-20 14:20:00'),
(3, 1, 31, 84, 'Bronze', 1, '2024-10-17 12:35:00'),
(4, 2, 2, 54, 'Bronze', 1, '2024-10-16 14:26:00'),
(5, 2, NULL, -250, 'Silver', 1, '2024-11-15 10:45:00'),
(6, 2, NULL, -200, 'Silver', 1, '2024-12-01 09:30:00'),
(7, 3, 3, 63, 'Bronze', 1, '2024-10-18 09:50:00'),
(8, 4, 4, 96, 'Silver', 1, '2024-10-20 16:15:00'),
(9, 4, 97, 36, 'Gold', 1, '2024-11-08 10:35:00'),
(10, 4, NULL, -500, 'Gold', 1, '2024-11-25 16:20:00'),
(11, 5, 5, 49, 'Bronze', 1, '2024-10-22 11:40:00'),
(12, 5, 115, 100, 'Silver', 1, '2024-12-05 16:18:00'),
(13, 6, 55, 70, 'Silver', 1, '2024-10-24 14:00:00'),
(14, 6, 65, 70, 'Gold', 1, '2024-12-10 16:25:00'),
(15, 6, 73, 70, 'Gold', 1, '2024-11-24 14:05:00'),
(16, 6, 83, 70, 'Gold', 1, '2024-10-26 09:35:00'),
(17, 6, 93, 70, 'Gold', 1, '2024-12-29 15:35:00'),
(18, 6, NULL, -800, 'Gold', 1, '2024-11-10 11:20:00'),
(19, 7, 6, 110, 'Bronze', 1, '2024-10-26 10:25:00'),
(20, 7, 51, 71, 'Bronze', 1, '2024-12-04 15:45:00'),
(21, 8, 7, 67, 'Bronze', 1, '2024-10-28 15:45:00'),
(22, 8, 98, 43, 'Silver', 1, '2024-11-22 14:20:00'),
(23, 8, NULL, -350, 'Silver', 1, '2024-12-05 10:15:00'),
(24, 9, 8, 100, 'Bronze', 1, '2024-10-30 09:20:00'),
(25, 10, 9, 45, 'Bronze', 1, '2024-11-01 14:10:00'),
(26, 10, 109, 38, 'Gold', 1, '2024-11-10 11:50:00'),
(27, 10, NULL, -600, 'Gold', 1, '2024-11-28 13:40:00'),
(28, 11, 56, 70, 'Bronze', 1, '2024-11-03 10:55:00'),
(29, 11, 66, 70, 'Silver', 1, '2024-12-22 10:30:00'),
(30, 11, 74, 70, 'Silver', 1, '2024-10-22 16:50:00'),
(31, 11, 84, 70, 'Silver', 1, '2024-11-07 12:00:00'),
(32, 11, 94, 70, 'Silver', 1, '2024-11-09 12:25:00'),
(33, 12, 10, 144, 'Silver', 1, '2024-11-05 16:30:00'),
(34, 12, 99, 32, 'Gold', 1, '2024-12-06 11:45:00'),
(35, 12, NULL, -700, 'Gold', 1, '2024-11-18 15:30:00'),
(36, 13, 11, 67, 'Bronze', 1, '2024-11-07 11:45:00'),
(37, 14, 12, 119, 'Bronze', 1, '2024-11-09 13:25:00'),
(38, 14, 116, 120, 'Silver', 1, '2024-12-10 13:43:00'),
(39, 15, 13, 53, 'Bronze', 1, '2024-11-11 10:00:00'),
(40, 15, 110, 48, 'Silver', 1, '2024-11-24 13:15:00'),
(41, 16, 14, 126, 'Silver', 1, '2024-11-13 15:15:00'),
(42, 16, 100, 52, 'Gold', 1, '2024-12-20 15:30:00'),
(43, 16, NULL, -900, 'Gold', 1, '2024-12-02 14:25:00'),
(44, 17, 57, 70, 'Bronze', 1, '2024-11-15 10:40:00'),
(45, 17, 67, 70, 'Bronze', 1, '2024-10-25 11:15:00'),
(46, 17, 75, 70, 'Bronze', 1, '2024-11-26 11:25:00'),
(47, 17, 85, 70, 'Bronze', 1, '2024-11-19 13:25:00'),
(48, 17, 95, 70, 'Bronze', 1, '2024-11-21 14:50:00'),
(49, 17, 52, 112, 'Bronze', 1, '2024-12-06 11:10:00'),
(50, 18, 15, 88, 'Bronze', 1, '2024-11-17 14:55:00'),
(51, 19, 16, 97, 'Bronze', 1, '2024-11-19 11:20:00'),
(52, 20, 17, 56, 'Bronze', 1, '2024-11-21 16:35:00'),
(53, 20, 101, 29, 'Gold', 1, '2024-10-19 13:55:00'),
(54, 20, 111, 31, 'Gold', 1, '2024-12-08 09:40:00'),
(55, 20, NULL, -450, 'Gold', 1, '2024-11-30 10:50:00'),
(56, 21, 18, 135, 'Silver', 1, '2024-11-23 10:05:00'),
(57, 22, 58, 70, 'Silver', 1, '2024-11-25 13:50:00'),
(58, 22, 68, 70, 'Gold', 1, '2024-11-06 13:45:00'),
(59, 22, 76, 70, 'Gold', 1, '2024-12-06 15:10:00'),
(60, 22, 86, 70, 'Gold', 1, '2024-12-01 15:50:00'),
(61, 22, 96, 70, 'Gold', 1, '2024-12-03 10:15:00'),
(62, 23, 19, 64, 'Bronze', 1, '2024-11-27 09:25:00'),
(63, 24, 20, 108, 'Bronze', 1, '2024-11-29 15:10:00'),
(64, 24, 102, 40, 'Silver', 1, '2024-11-12 10:20:00'),
(65, 25, 21, 64, 'Bronze', 1, '2024-12-01 11:35:00'),
(66, 25, 112, 46, 'Silver', 1, '2024-12-22 15:05:00'),
(67, 26, 22, 152, 'Silver', 1, '2024-12-03 14:20:00'),
(68, 27, 23, 91, 'Bronze', 1, '2024-12-05 10:45:00'),
(69, 27, 53, 61, 'Bronze', 1, '2024-12-08 14:35:00'),
(70, 28, 59, 70, 'Bronze', 1, '2024-12-07 16:30:00'),
(71, 28, 69, 70, 'Silver', 1, '2024-11-18 15:30:00'),
(72, 28, 77, 70, 'Silver', 1, '2024-10-28 14:40:00'),
(73, 28, 87, 70, 'Silver', 1, '2024-12-13 10:15:00'),
(74, 28, 103, 47, 'Silver', 1, '2024-11-26 14:45:00'),
(75, 29, 24, 107, 'Bronze', 1, '2024-12-09 11:55:00'),
(76, 30, 25, 66, 'Bronze', 1, '2024-12-11 13:40:00'),
(77, 30, 113, 28, 'Gold', 1, '2024-10-21 12:30:00'),
(78, 30, NULL, -550, 'Gold', 1, '2024-11-15 16:45:00'),
(79, 31, 26, 116, 'Bronze', 1, '2024-12-13 09:15:00'),
(80, 32, 27, 68, 'Bronze', 1, '2024-12-15 16:00:00'),
(81, 32, 104, 30, 'Silver', 1, '2024-12-10 11:10:00'),
(82, 32, 118, 140, 'Silver', 1, '2024-12-20 14:33:00'),
(83, 33, 28, 121, 'Bronze', 1, '2024-12-17 10:30:00'),
(84, 34, 60, 70, 'Silver', 1, '2024-12-19 14:45:00'),
(85, 34, 70, 70, 'Gold', 1, '2024-11-30 10:18:00'),
(86, 34, 78, 70, 'Gold', 1, '2024-11-08 10:55:00'),
(87, 34, 88, 70, 'Gold', 1, '2024-10-30 14:30:00'),
(88, 34, NULL, -750, 'Gold', 1, '2024-12-12 09:30:00'),
(89, 35, 29, 73, 'Bronze', 1, '2024-12-21 11:10:00'),
(90, 35, 114, 41, 'Silver', 1, '2024-11-14 14:55:00'),
(91, 36, 30, 143, 'Silver', 1, '2024-12-23 16:25:00'),
(92, 36, 105, 49, 'Gold', 1, '2024-10-25 15:35:00'),
(93, 36, NULL, -850, 'Gold', 1, '2024-11-12 13:20:00'),
(94, 37, 31, 84, 'Bronze', 1, '2024-10-17 12:35:00'),
(95, 37, 54, 127, 'Bronze', 1, '2024-12-10 11:00:00'),
(96, 38, 32, 101, 'Bronze', 1, '2024-10-19 10:20:00'),
(97, 39, 33, 50, 'Bronze', 1, '2024-10-21 14:55:00'),
(98, 39, 39, 78, 'Bronze', 1, '2024-11-06 15:00:00'),
(99, 40, 61, 70, 'Silver', 1, '2024-10-23 11:30:00'),
(100, 40, 71, 70, 'Gold', 1, '2024-12-12 17:35:00'),
(101, 40, 79, 70, 'Gold', 1, '2024-11-20 16:20:00'),
(102, 40, 89, 70, 'Gold', 1, '2024-11-11 16:55:00'),
(103, 40, 106, 37, 'Gold', 1, '2024-11-16 13:00:00'),
(104, 40, NULL, -650, 'Gold', 1, '2024-12-05 14:30:00'),
(105, 41, 34, 130, 'Bronze', 1, '2024-10-25 15:45:00'),
(106, 41, 119, 90, 'Bronze', 1, '2024-12-08 10:58:00'),
(107, 42, 35, 59, 'Bronze', 1, '2024-10-27 09:10:00'),
(108, 43, 36, 104, 'Bronze', 1, '2024-10-29 13:25:00'),
(109, 43, 43, 62, 'Silver', 1, '2024-11-14 13:35:00'),
(110, 44, 37, 59, 'Bronze', 1, '2024-10-31 10:50:00'),
(111, 44, 107, 44, 'Gold', 1, '2024-11-30 09:25:00'),
(112, 44, NULL, -500, 'Gold', 1, '2024-12-18 11:40:00'),
(113, 45, 38, 148, 'Bronze', 1, '2024-11-02 16:15:00'),
(114, 46, 62, 70, 'Silver', 1, '2024-11-04 11:40:00'),
(115, 46, 72, 70, 'Gold', 1, '2024-12-24 15:55:00'),
(116, 46, 80, 70, 'Gold', 1, '2024-12-02 12:45:00'),
(117, 46, 90, 70, 'Gold', 1, '2024-11-23 09:20:00'),
(118, 46, NULL, -800, 'Gold', 1, '2024-12-08 15:50:00'),
(119, 47, 39, 78, 'Bronze', 1, '2024-11-06 15:00:00'),
(120, 48, 40, 109, 'Bronze', 1, '2024-11-08 10:25:00'),
(121, 48, 108, 35, 'Silver', 1, '2024-12-14 16:50:00'),
(122, 49, 41, 62, 'Bronze', 1, '2024-11-10 15:50:00'),
(123, 50, 42, 137, 'Silver', 1, '2024-11-12 11:15:00'),
(124, 50, 120, 110, 'Gold', 1, '2024-12-18 15:23:00'),
(125, 50, NULL, -600, 'Gold', 1, '2024-12-01 10:20:00'),
(126, 51, 43, 62, 'Bronze', 1, '2024-11-14 13:35:00'),
(127, 52, 63, 70, 'Silver', 1, '2024-11-16 10:00:00'),
(128, 52, 81, 70, 'Gold', 1, '2024-12-14 14:10:00'),
(129, 52, 91, 70, 'Gold', 1, '2024-12-05 13:45:00'),
(130, 52, 52, 112, 'Gold', 1, '2024-12-06 11:10:00'),
(131, 53, 44, 118, 'Bronze', 1, '2024-11-18 15:25:00'),
(132, 54, 45, 70, 'Bronze', 1, '2024-11-20 10:50:00'),
(133, 55, 46, 122, 'Bronze', 1, '2024-11-22 14:15:00'),
(134, 56, 47, 95, 'Bronze', 1, '2024-11-24 11:40:00'),
(135, 57, 48, 103, 'Bronze', 1, '2024-11-26 16:05:00'),
(136, 58, 64, 70, 'Bronze', 1, '2024-11-28 10:30:00'),
(137, 58, 82, 70, 'Silver', 1, '2024-12-26 16:25:00'),
(138, 58, 92, 70, 'Silver', 1, '2024-12-17 11:10:00'),
(139, 59, 49, 55, 'Bronze', 1, '2024-11-30 13:55:00'),
(140, 60, 50, 138, 'Silver', 1, '2024-12-02 09:20:00'),
(141, 1, NULL, -50, 'Bronze', 1, '2024-12-10 10:15:00'),
(142, 5, NULL, -100, 'Silver', 1, '2024-12-15 14:30:00'),
(143, 8, NULL, -150, 'Silver', 1, '2024-12-20 11:45:00'),
(144, 12, NULL, -200, 'Gold', 1, '2024-12-22 16:20:00'),
(145, 16, NULL, -250, 'Gold', 1, '2024-12-24 09:50:00'),
(146, 22, NULL, -300, 'Gold', 1, '2024-12-26 13:15:00'),
(147, 28, NULL, -150, 'Silver', 1, '2024-12-28 10:40:00'),
(148, 34, NULL, -200, 'Gold', 1, '2024-12-29 15:25:00'),
(149, 40, NULL, -250, 'Gold', 1, '2024-12-30 11:10:00'),
(150, 46, NULL, -300, 'Gold', 1, '2024-12-31 14:55:00');

INSERT INTO Subscription (SubscriptionID, CustomerID, ProductID, ComboID, StartDate, CancellationDate, CancellationReason, SubscriptionStatus) VALUES
(1, 6, NULL, 2, '2024-09-24', NULL, NULL, 'Active'),
(2, 11, NULL, 2, '2024-09-03', NULL, NULL, 'Active'),
(3, 17, NULL, 2, '2024-08-15', NULL, NULL, 'Active'),
(4, 22, NULL, 2, '2024-08-25', NULL, NULL, 'Active'),
(5, 28, NULL, 2, '2024-09-07', NULL, NULL, 'Active'),
(6, 34, NULL, 2, '2024-08-19', NULL, NULL, 'Active'),
(7, 40, NULL, 2, '2024-08-23', NULL, NULL, 'Active'),
(8, 46, NULL, 2, '2024-09-04', NULL, NULL, 'Active'),
(9, 52, NULL, 2, '2024-08-16', NULL, NULL, 'Active'),
(10, 58, NULL, 2, '2024-09-28', NULL, NULL, 'Active'),
(11, 3, NULL, 2, '2024-07-15', '2024-10-15', 'Too expensive', 'Cancelled'),
(12, 7, NULL, 2, '2024-06-20', '2024-09-20', 'Not using products', 'Cancelled'),
(13, 13, NULL, 2, '2024-05-10', '2024-11-10', 'Product quality issues', 'Cancelled'),
(14, 19, NULL, 2, '2024-04-25', '2024-10-25', 'Switching to competitor', 'Cancelled'),
(15, 25, NULL, 2, '2024-03-18', '2024-09-18', 'Too expensive', 'Cancelled'),
(16, 31, NULL, 2, '2024-02-14', '2024-08-14', 'Not using products', 'Cancelled'),
(17, 37, NULL, 2, '2024-01-22', '2024-07-22', 'Moving abroad', 'Cancelled'),
(18, 43, NULL, 2, '2023-12-05', '2024-06-05', 'Financial reasons', 'Cancelled'),
(19, 49, NULL, 2, '2023-11-11', '2024-05-11', 'Product quality issues', 'Cancelled'),
(20, 55, NULL, 2, '2023-10-08', '2024-04-08', 'Too expensive', 'Cancelled'),
(21, 2, NULL, 2, '2024-07-05', NULL, NULL, 'Paused'),
(22, 14, NULL, 2, '2024-08-12', NULL, NULL, 'Paused'),
(23, 26, NULL, 2, '2024-09-20', NULL, NULL, 'Paused'),
(24, 38, NULL, 2, '2024-10-15', NULL, NULL, 'Paused'),
(25, 50, NULL, 2, '2024-11-02', NULL, NULL, 'Paused');

INSERT INTO Inventory (InventoryID, ProductID, LocationName, LocationPostcode, QuantityOnHand, QuantityReserved, ReorderPoint, LastStockCheck) VALUES
(1, 1, 'London Central Warehouse', 'E14 9SH', 450, 25, 50, '2024-12-06 09:00:00'),
(2, 2, 'London Central Warehouse', 'E14 9SH', 380, 18, 50, '2024-12-06 09:00:00'),
(3, 3, 'London Central Warehouse', 'E14 9SH', 520, 32, 50, '2024-12-06 09:00:00'),
(4, 4, 'London Central Warehouse', 'E14 9SH', 290, 15, 40, '2024-12-06 09:00:00'),
(5, 5, 'London Central Warehouse', 'E14 9SH', 610, 28, 60, '2024-12-06 09:00:00'),
(6, 6, 'London Central Warehouse', 'E14 9SH', 340, 22, 50, '2024-12-06 09:00:00'),
(7, 7, 'London Central Warehouse', 'E14 9SH', 220, 12, 30, '2024-12-06 09:00:00'),
(8, 8, 'London Central Warehouse', 'E14 9SH', 185, 8, 25, '2024-12-06 09:00:00'),
(9, 9, 'London Central Warehouse', 'E14 9SH', 410, 20, 50, '2024-12-06 09:00:00'),
(10, 10, 'London Central Warehouse', 'E14 9SH', 275, 14, 40, '2024-12-06 09:00:00'),
(11, 11, 'London Central Warehouse', 'E14 9SH', 530, 30, 60, '2024-12-06 09:00:00'),
(12, 12, 'London Central Warehouse', 'E14 9SH', 480, 26, 50, '2024-12-06 09:00:00'),
(13, 13, 'London Central Warehouse', 'E14 9SH', 425, 21, 50, '2024-12-06 09:00:00'),
(14, 14, 'London Central Warehouse', 'E14 9SH', 390, 19, 50, '2024-12-06 09:00:00'),
(15, 15, 'London Central Warehouse', 'E14 9SH', 310, 16, 40, '2024-12-06 09:00:00'),
(16, 16, 'London Central Warehouse', 'E14 9SH', 145, 7, 20, '2024-12-06 09:00:00'),
(17, 17, 'London Central Warehouse', 'E14 9SH', 260, 13, 35, '2024-12-06 09:00:00'),
(18, 18, 'London Central Warehouse', 'E14 9SH', 98, 5, 15, '2024-12-06 09:00:00'),
(19, 19, 'London Central Warehouse', 'E14 9SH', 320, 17, 40, '2024-12-06 09:00:00'),
(20, 20, 'London Central Warehouse', 'E14 9SH', 550, 28, 60, '2024-12-06 09:00:00'),
(21, 21, 'London Central Warehouse', 'E14 9SH', 180, 9, 25, '2024-12-06 09:00:00'),
(22, 22, 'London Central Warehouse', 'E14 9SH', 165, 8, 25, '2024-12-06 09:00:00'),
(23, 23, 'London Central Warehouse', 'E14 9SH', 210, 11, 30, '2024-12-06 09:00:00'),
(24, 24, 'London Central Warehouse', 'E14 9SH', 155, 7, 20, '2024-12-06 09:00:00'),
(25, 25, 'London Central Warehouse', 'E14 9SH', 190, 10, 25, '2024-12-06 09:00:00'),
(26, 26, 'London Central Warehouse', 'E14 9SH', 125, 6, 18, '2024-12-06 09:00:00'),
(27, 27, 'London Central Warehouse', 'E14 9SH', 110, 5, 15, '2024-12-06 09:00:00'),
(28, 28, 'London Central Warehouse', 'E14 9SH', 75, 4, 12, '2024-12-06 09:00:00'),
(29, 29, 'London Central Warehouse', 'E14 9SH', 95, 5, 15, '2024-12-06 09:00:00'),
(30, 30, 'London Central Warehouse', 'E14 9SH', 135, 7, 20, '2024-12-06 09:00:00'),
(31, 31, 'London Central Warehouse', 'E14 9SH', 42, 2, 8, '2024-12-06 09:00:00'),
(32, 32, 'London Central Warehouse', 'E14 9SH', 28, 1, 5, '2024-12-06 09:00:00'),
(33, 33, 'London Central Warehouse', 'E14 9SH', 56, 3, 10, '2024-12-06 09:00:00'),
(34, 34, 'London Central Warehouse', 'E14 9SH', 88, 4, 12, '2024-12-06 09:00:00'),
(35, 35, 'London Central Warehouse', 'E14 9SH', 72, 4, 10, '2024-12-06 09:00:00'),
(36, 36, 'Manchester Distribution Center', 'M50 2TG', 95, 5, 15, '2024-12-06 09:00:00'),
(37, 37, 'Manchester Distribution Center', 'M50 2TG', 88, 4, 12, '2024-12-06 09:00:00'),
(38, 38, 'Manchester Distribution Center', 'M50 2TG', 142, 7, 20, '2024-12-06 09:00:00'),
(39, 39, 'Manchester Distribution Center', 'M50 2TG', 128, 6, 18, '2024-12-06 09:00:00'),
(40, 40, 'Manchester Distribution Center', 'M50 2TG', 105, 5, 15, '2024-12-06 09:00:00'),
(41, 41, 'Manchester Distribution Center', 'M50 2TG', 220, 11, 30, '2024-12-06 09:00:00'),
(42, 42, 'Manchester Distribution Center', 'M50 2TG', 195, 10, 25, '2024-12-06 09:00:00'),
(43, 43, 'Manchester Distribution Center', 'M50 2TG', 310, 15, 40, '2024-12-06 09:00:00'),
(44, 44, 'Manchester Distribution Center', 'M50 2TG', 175, 9, 25, '2024-12-06 09:00:00'),
(45, 45, 'Manchester Distribution Center', 'M50 2TG', 160, 8, 22, '2024-12-06 09:00:00'),
(46, 46, 'Manchester Distribution Center', 'M50 2TG', 68, 3, 10, '2024-12-06 09:00:00'),
(47, 47, 'Manchester Distribution Center', 'M50 2TG', 52, 3, 8, '2024-12-06 09:00:00'),
(48, 48, 'Manchester Distribution Center', 'M50 2TG', 45, 2, 8, '2024-12-06 09:00:00'),
(49, 49, 'Manchester Distribution Center', 'M50 2TG', 38, 2, 6, '2024-12-06 09:00:00'),
(50, 50, 'Manchester Distribution Center', 'M50 2TG', 62, 3, 10, '2024-12-06 09:00:00'),
(51, 51, 'Manchester Distribution Center', 'M50 2TG', 82, 4, 12, '2024-12-06 09:00:00'),
(52, 52, 'Manchester Distribution Center', 'M50 2TG', 78, 4, 12, '2024-12-06 09:00:00'),
(53, 53, 'Manchester Distribution Center', 'M50 2TG', 55, 3, 10, '2024-12-06 09:00:00'),
(54, 54, 'Manchester Distribution Center', 'M50 2TG', 92, 5, 15, '2024-12-06 09:00:00'),
(55, 55, 'Manchester Distribution Center', 'M50 2TG', 118, 6, 18, '2024-12-06 09:00:00'),
(56, 56, 'Manchester Distribution Center', 'M50 2TG', 420, 21, 50, '2024-12-06 09:00:00'),
(57, 57, 'Manchester Distribution Center', 'M50 2TG', 280, 14, 35, '2024-12-06 09:00:00'),
(58, 58, 'Manchester Distribution Center', 'M50 2TG', 385, 19, 45, '2024-12-06 09:00:00'),
(59, 59, 'Manchester Distribution Center', 'M50 2TG', 510, 25, 60, '2024-12-06 09:00:00'),
(60, 60, 'Manchester Distribution Center', 'M50 2TG', 340, 17, 40, '2024-12-06 09:00:00'),
(61, 61, 'Manchester Distribution Center', 'M50 2TG', 88, 4, 12, '2024-12-06 09:00:00'),
(62, 62, 'Manchester Distribution Center', 'M50 2TG', 62, 3, 10, '2024-12-06 09:00:00'),
(63, 63, 'Manchester Distribution Center', 'M50 2TG', 105, 5, 15, '2024-12-06 09:00:00'),
(64, 64, 'Manchester Distribution Center', 'M50 2TG', 48, 2, 8, '2024-12-06 09:00:00'),
(65, 65, 'Manchester Distribution Center', 'M50 2TG', 72, 4, 10, '2024-12-06 09:00:00'),
(66, 66, 'Manchester Distribution Center', 'M50 2TG', 35, 2, 6, '2024-12-06 09:00:00'),
(67, 67, 'Manchester Distribution Center', 'M50 2TG', 52, 3, 8, '2024-12-06 09:00:00'),
(68, 68, 'Manchester Distribution Center', 'M50 2TG', 78, 4, 12, '2024-12-06 09:00:00'),
(69, 69, 'Manchester Distribution Center', 'M50 2TG', 245, 12, 30, '2024-12-06 09:00:00'),
(70, 70, 'Manchester Distribution Center', 'M50 2TG', 95, 5, 15, '2024-12-06 09:00:00');


INSERT INTO ReturnRequest (ReturnID, OrderID, RequestDate, CompletedDate, ReturnMethod, ReturnReason, ReturnStatus) VALUES
(1, 1, '2024-10-20 14:30:00', '2024-10-25 11:15:00', 'Mail', 'Product damaged during shipping', 'Refunded'),
(2, 3, '2024-10-22 10:15:00', '2024-10-28 09:45:00', 'Dropoff', 'Wrong item received', 'Refunded'),
(3, 7, '2024-11-02 16:20:00', '2024-11-07 14:30:00', 'Pickup', 'Product not as described', 'Refunded'),
(4, 10, '2024-11-10 09:45:00', '2024-11-15 10:20:00', 'Mail', 'Allergic reaction to product', 'Refunded'),
(5, 12, '2024-11-14 13:50:00', '2024-11-19 11:40:00', 'Dropoff', 'Changed mind', 'Refunded'),
(6, 15, '2024-11-21 10:30:00', '2024-11-26 15:10:00', 'Mail', 'Product quality below expectations', 'Refunded'),
(7, 18, '2024-11-28 14:15:00', '2024-12-03 09:55:00', 'Pickup', 'Ordered wrong size', 'Refunded'),
(8, 22, '2024-12-06 11:40:00', '2024-12-11 14:25:00', 'Mail', 'Product damaged during shipping', 'Approved'),
(9, 24, '2024-12-12 16:05:00', NULL, 'Dropoff', 'Defective product', 'Approved'),
(10, 28, '2024-12-20 10:20:00', NULL, 'Mail', 'Wrong color received', 'Requested'),
(11, 31, '2024-10-21 15:30:00', '2024-10-26 12:45:00', 'Dropoff', 'Product expired', 'Refunded'),
(12, 34, '2024-10-29 11:15:00', '2024-11-03 10:30:00', 'Pickup', 'Changed mind', 'Refunded'),
(13, 36, '2024-11-03 13:40:00', '2024-11-08 15:20:00', 'Mail', 'Product not suitable', 'Refunded'),
(14, 38, '2024-11-07 09:25:00', '2024-11-12 11:10:00', 'Dropoff', 'Better price found elsewhere', 'Refunded'),
(15, 41, '2024-11-14 16:50:00', '2024-11-19 14:35:00', 'Mail', 'Duplicate order', 'Refunded'),
(16, 44, '2024-11-22 10:05:00', '2024-11-27 09:50:00', 'Pickup', 'Gift recipient did not like', 'Refunded'),
(17, 46, '2024-11-26 14:30:00', '2024-12-01 11:20:00', 'Mail', 'Product damaged during shipping', 'Refunded'),
(18, 48, '2024-11-30 11:15:00', NULL, 'Dropoff', 'Ordered wrong item', 'Approved'),
(19, 50, '2024-12-05 15:40:00', NULL, 'Mail', 'Product quality issues', 'Approved'),
(20, 52, '2024-12-09 13:25:00', NULL, 'Pickup', 'Changed mind', 'Requested');


INSERT INTO `Order` (OrderID, CustomerID, BillingID, CouponID, OrderDate, OrderType, OrderStatus, TaxAmount, ShippingFee, PaymentStatus, TotalAmount) VALUES
(1, 1, 1, 1, '2024-10-15 10:32:00', 'StandardPurchase', 'Delivered', 10.00, 4.99, 'Captured', 59.99),
(2, 2, 2, NULL, '2024-10-16 14:24:00', 'StandardPurchase', 'Delivered', 9.00, 4.99, 'Captured', 53.99),
(3, 3, 3, 2, '2024-10-18 09:47:00', 'StandardPurchase', 'Delivered', 12.50, 0.00, 'Captured', 62.50),
(4, 4, 4, NULL, '2024-10-20 16:12:00', 'StandardPurchase', 'Delivered', 15.80, 4.99, 'Captured', 95.79),
(5, 5, 5, 1, '2024-10-22 11:37:00', 'StandardPurchase', 'Delivered', 8.00, 4.99, 'Captured', 48.99),
(6, 7, 7, NULL, '2024-10-26 10:22:00', 'StandardPurchase', 'Delivered', 18.40, 4.99, 'Captured', 110.39),
(7, 8, 8, 3, '2024-10-28 15:42:00', 'StandardPurchase', 'Delivered', 11.20, 4.99, 'Captured', 67.19),
(8, 9, 9, NULL, '2024-10-30 09:17:00', 'StandardPurchase', 'Delivered', 16.60, 4.99, 'Captured', 99.59),
(9, 10, 10, 1, '2024-11-01 14:07:00', 'StandardPurchase', 'Delivered', 7.50, 4.99, 'Captured', 45.49),
(10, 12, 12, NULL, '2024-11-05 16:27:00', 'StandardPurchase', 'Delivered', 24.00, 4.99, 'Captured', 143.99),
(11, 13, 13, 2, '2024-11-07 11:42:00', 'StandardPurchase', 'Delivered', 13.30, 0.00, 'Captured', 66.50),
(12, 14, 14, NULL, '2024-11-09 13:22:00', 'StandardPurchase', 'Delivered', 19.80, 4.99, 'Captured', 118.79),
(13, 15, 15, 1, '2024-11-11 09:57:00', 'StandardPurchase', 'Delivered', 8.80, 4.99, 'Captured', 52.79),
(14, 16, 16, NULL, '2024-11-13 15:12:00', 'StandardPurchase', 'Delivered', 21.00, 4.99, 'Captured', 125.99),
(15, 18, 18, 3, '2024-11-17 14:52:00', 'StandardPurchase', 'Delivered', 14.60, 4.99, 'Captured', 87.59),
(16, 19, 19, NULL, '2024-11-19 11:17:00', 'StandardPurchase', 'Delivered', 16.20, 4.99, 'Captured', 97.19),
(17, 20, 20, 1, '2024-11-21 16:32:00', 'StandardPurchase', 'Delivered', 9.40, 4.99, 'Captured', 56.39),
(18, 21, 21, NULL, '2024-11-23 10:02:00', 'StandardPurchase', 'Delivered', 22.50, 4.99, 'Captured', 134.99),
(19, 23, 23, 2, '2024-11-27 09:22:00', 'StandardPurchase', 'Delivered', 12.80, 0.00, 'Captured', 64.00),
(20, 24, 24, NULL, '2024-11-29 15:07:00', 'StandardPurchase', 'Delivered', 18.00, 4.99, 'Captured', 107.99),
(21, 25, 25, 1, '2024-12-01 11:32:00', 'StandardPurchase', 'Shipped', 10.60, 4.99, 'Captured', 63.59),
(22, 26, 26, NULL, '2024-12-03 14:17:00', 'StandardPurchase', 'Shipped', 25.40, 4.99, 'Captured', 152.39),
(23, 27, 27, 3, '2024-12-05 10:42:00', 'StandardPurchase', 'Shipped', 15.20, 4.99, 'Captured', 91.19),
(24, 29, 29, NULL, '2024-12-09 11:52:00', 'StandardPurchase', 'Shipped', 17.80, 4.99, 'Captured', 106.79),
(25, 30, 30, 1, '2024-12-11 13:37:00', 'StandardPurchase', 'Shipped', 11.00, 4.99, 'Captured', 65.99),
(26, 31, 31, NULL, '2024-12-13 09:12:00', 'StandardPurchase', 'Paid', 19.40, 4.99, 'Captured', 116.39),
(27, 32, 32, 2, '2024-12-15 15:57:00', 'StandardPurchase', 'Paid', 13.60, 0.00, 'Captured', 68.00),
(28, 33, 33, NULL, '2024-12-17 10:27:00', 'StandardPurchase', 'Paid', 20.20, 4.99, 'Captured', 121.19),
(29, 35, 35, 1, '2024-12-21 11:07:00', 'StandardPurchase', 'Paid', 12.20, 4.99, 'Captured', 73.19),
(30, 36, 36, NULL, '2024-12-23 16:22:00', 'StandardPurchase', 'Pending', 23.80, 4.99, 'Authorized', 142.79),
(31, 37, 37, 3, '2024-10-17 12:32:00', 'StandardPurchase', 'Delivered', 14.00, 4.99, 'Captured', 83.99),
(32, 38, 38, NULL, '2024-10-19 10:17:00', 'StandardPurchase', 'Delivered', 16.80, 4.99, 'Captured', 100.79),
(33, 39, 39, 1, '2024-10-21 14:52:00', 'StandardPurchase', 'Delivered', 8.40, 4.99, 'Captured', 50.39),
(34, 41, 41, NULL, '2024-10-25 15:42:00', 'StandardPurchase', 'Delivered', 21.60, 4.99, 'Captured', 129.59),
(35, 42, 42, 2, '2024-10-27 09:07:00', 'StandardPurchase', 'Delivered', 11.80, 0.00, 'Captured', 59.00),
(36, 43, 43, NULL, '2024-10-29 13:22:00', 'StandardPurchase', 'Delivered', 17.40, 4.99, 'Captured', 104.39),
(37, 44, 44, 1, '2024-10-31 10:47:00', 'StandardPurchase', 'Delivered', 9.80, 4.99, 'Captured', 58.79),
(38, 45, 45, NULL, '2024-11-02 16:12:00', 'StandardPurchase', 'Delivered', 24.60, 4.99, 'Captured', 147.59),
(39, 47, 47, 3, '2024-11-06 14:57:00', 'StandardPurchase', 'Delivered', 13.00, 4.99, 'Captured', 77.99),
(40, 48, 48, NULL, '2024-11-08 10:22:00', 'StandardPurchase', 'Delivered', 18.20, 4.99, 'Captured', 109.19),
(41, 49, 49, 1, '2024-11-10 15:47:00', 'StandardPurchase', 'Delivered', 10.40, 4.99, 'Captured', 62.39),
(42, 50, 50, NULL, '2024-11-12 11:12:00', 'StandardPurchase', 'Delivered', 22.80, 4.99, 'Captured', 136.79),
(43, 51, 51, 2, '2024-11-14 13:32:00', 'StandardPurchase', 'Delivered', 12.40, 0.00, 'Captured', 62.00),
(44, 53, 53, NULL, '2024-11-18 15:22:00', 'StandardPurchase', 'Delivered', 19.60, 4.99, 'Captured', 117.59),
(45, 54, 54, 1, '2024-11-20 10:47:00', 'StandardPurchase', 'Delivered', 11.60, 4.99, 'Captured', 69.59),
(46, 55, 55, NULL, '2024-11-22 14:12:00', 'StandardPurchase', 'Delivered', 20.40, 4.99, 'Captured', 122.39),
(47, 56, 56, 3, '2024-11-24 11:37:00', 'StandardPurchase', 'Delivered', 15.80, 4.99, 'Captured', 94.79),
(48, 57, 57, NULL, '2024-11-26 16:02:00', 'StandardPurchase', 'Delivered', 17.20, 4.99, 'Captured', 103.19),
(49, 59, 59, 1, '2024-11-30 13:52:00', 'StandardPurchase', 'Shipped', 9.20, 4.99, 'Captured', 55.19),
(50, 60, 60, NULL, '2024-12-02 09:17:00', 'StandardPurchase', 'Shipped', 23.00, 4.99, 'Captured', 137.99),
(51, 7, 78, 2, '2024-12-04 15:42:00', 'StandardPurchase', 'Shipped', 14.20, 0.00, 'Captured', 71.00),
(52, 17, 87, NULL, '2024-12-06 11:07:00', 'StandardPurchase', 'Shipped', 18.60, 4.99, 'Captured', 111.59),
(53, 27, 94, 1, '2024-12-08 14:32:00', 'StandardPurchase', 'Paid', 10.20, 4.99, 'Captured', 61.19),
(54, 37, 107, NULL, '2024-12-10 10:57:00', 'StandardPurchase', 'Paid', 21.20, 4.99, 'Captured', 127.19),
(55, 6, 6, NULL, '2024-10-24 13:57:00', 'SubscriptionBox', 'Delivered', 14.00, 0.00, 'Captured', 69.99),
(56, 11, 11, NULL, '2024-11-03 10:52:00', 'SubscriptionBox', 'Delivered', 14.00, 0.00, 'Captured', 69.99),
(57, 17, 17, NULL, '2024-11-15 10:37:00', 'SubscriptionBox', 'Delivered', 14.00, 0.00, 'Captured', 69.99),
(58, 22, 22, NULL, '2024-11-25 13:47:00', 'SubscriptionBox', 'Delivered', 14.00, 0.00, 'Captured', 69.99),
(59, 28, 28, NULL, '2024-12-07 16:27:00', 'SubscriptionBox', 'Shipped', 14.00, 0.00, 'Captured', 69.99),
(60, 34, 34, NULL, '2024-12-19 14:42:00', 'SubscriptionBox', 'Paid', 14.00, 0.00, 'Captured', 69.99),
(61, 40, 40, NULL, '2024-10-23 11:27:00', 'SubscriptionBox', 'Delivered', 14.00, 0.00, 'Captured', 69.99),
(62, 46, 46, NULL, '2024-11-04 11:37:00', 'SubscriptionBox', 'Delivered', 14.00, 0.00, 'Captured', 69.99),
(63, 52, 52, NULL, '2024-11-16 09:57:00', 'SubscriptionBox', 'Delivered', 14.00, 0.00, 'Captured', 69.99),
(64, 58, 58, NULL, '2024-11-28 10:27:00', 'SubscriptionBox', 'Delivered', 14.00, 0.00, 'Captured', 69.99),
(65, 6, 70, NULL, '2024-12-10 16:22:00', 'SubscriptionBox', 'Shipped', 14.00, 0.00, 'Captured', 69.99),
(66, 11, 75, NULL, '2024-12-22 10:27:00', 'SubscriptionBox', 'Paid', 14.00, 0.00, 'Captured', 69.99),
(67, 17, 80, NULL, '2024-10-25 11:12:00', 'SubscriptionBox', 'Delivered', 14.00, 0.00, 'Captured', 69.99),
(68, 22, 85, NULL, '2024-11-06 13:42:00', 'SubscriptionBox', 'Delivered', 14.00, 0.00, 'Captured', 69.99),
(69, 28, 90, NULL, '2024-11-18 15:27:00', 'SubscriptionBox', 'Delivered', 14.00, 0.00, 'Captured', 69.99),
(70, 34, 95, NULL, '2024-11-30 10:15:00', 'SubscriptionBox', 'Delivered', 14.00, 0.00, 'Captured', 69.99),
(71, 40, 100, NULL, '2024-12-12 17:32:00', 'SubscriptionBox', 'Shipped', 14.00, 0.00, 'Captured', 69.99),
(72, 46, 105, NULL, '2024-12-24 15:52:00', 'SubscriptionBox', 'Pending', 14.00, 0.00, 'Authorized', 69.99),
(73, 6, 73, NULL, '2024-11-24 14:02:00', 'SubscriptionBox', 'Delivered', 14.00, 0.00, 'Captured', 69.99),
(74, 11, 76, NULL, '2024-10-22 16:47:00', 'SubscriptionBox', 'Delivered', 14.00, 0.00, 'Captured', 69.99),
(75, 17, 79, NULL, '2024-11-26 11:22:00', 'SubscriptionBox', 'Delivered', 14.00, 0.00, 'Captured', 69.99),
(76, 22, 82, NULL, '2024-12-06 15:07:00', 'SubscriptionBox', 'Shipped', 14.00, 0.00, 'Captured', 69.99),
(77, 28, 86, NULL, '2024-10-28 14:37:00', 'SubscriptionBox', 'Delivered', 14.00, 0.00, 'Captured', 69.99),
(78, 34, 89, NULL, '2024-11-08 10:52:00', 'SubscriptionBox', 'Delivered', 14.00, 0.00, 'Captured', 69.99),
(79, 40, 92, NULL, '2024-11-20 16:17:00', 'SubscriptionBox', 'Delivered', 14.00, 0.00, 'Captured', 69.99),
(80, 46, 97, NULL, '2024-12-02 12:42:00', 'SubscriptionBox', 'Shipped', 14.00, 0.00, 'Captured', 69.99),
(81, 52, 101, NULL, '2024-12-14 14:07:00', 'SubscriptionBox', 'Paid', 14.00, 0.00, 'Captured', 69.99),
(82, 58, 104, NULL, '2024-12-26 16:22:00', 'SubscriptionBox', 'Pending', 14.00, 0.00, 'Authorized', 69.99),
(83, 6, 74, NULL, '2024-10-26 09:32:00', 'SubscriptionBox', 'Delivered', 14.00, 0.00, 'Captured', 69.99),
(84, 11, 77, NULL, '2024-11-07 11:57:00', 'SubscriptionBox', 'Delivered', 14.00, 0.00, 'Captured', 69.99),
(85, 17, 81, NULL, '2024-11-19 13:22:00', 'SubscriptionBox', 'Delivered', 14.00, 0.00, 'Captured', 69.99),
(86, 22, 83, NULL, '2024-12-01 15:47:00', 'SubscriptionBox', 'Shipped', 14.00, 0.00, 'Captured', 69.99),
(87, 28, 88, NULL, '2024-12-13 10:12:00', 'SubscriptionBox', 'Paid', 14.00, 0.00, 'Captured', 69.99),
(88, 34, 91, NULL, '2024-10-30 14:27:00', 'SubscriptionBox', 'Delivered', 14.00, 0.00, 'Captured', 69.99),
(89, 40, 93, NULL, '2024-11-11 16:52:00', 'SubscriptionBox', 'Delivered', 14.00, 0.00, 'Captured', 69.99),
(90, 46, 96, NULL, '2024-11-23 09:17:00', 'SubscriptionBox', 'Delivered', 14.00, 0.00, 'Captured', 69.99),
(91, 52, 99, NULL, '2024-12-05 13:42:00', 'SubscriptionBox', 'Shipped', 14.00, 0.00, 'Captured', 69.99),
(92, 58, 102, NULL, '2024-12-17 11:07:00', 'SubscriptionBox', 'Paid', 14.00, 0.00, 'Captured', 69.99),
(93, 6, 106, NULL, '2024-12-29 15:32:00', 'SubscriptionBox', 'Pending', 14.00, 0.00, 'Authorized', 69.99),
(94, 11, 84, NULL, '2024-11-09 12:22:00', 'SubscriptionBox', 'Delivered', 14.00, 0.00, 'Captured', 69.99),
(95, 17, 94, NULL, '2024-11-21 14:47:00', 'SubscriptionBox', 'Delivered', 14.00, 0.00, 'Captured', 69.99),
(96, 22, 98, NULL, '2024-12-03 10:12:00', 'SubscriptionBox', 'Shipped', 14.00, 0.00, 'Captured', 69.99),

-- LoyaltyRedemption orders (18 rows - 15%)
(97, 4, 109, 10, '2024-11-08 10:32:00', 'LoyaltyRedemption', 'Delivered', 6.00, 4.99, 'Captured', 35.99),
(98, 8, 110, 10, '2024-11-22 14:17:00', 'LoyaltyRedemption', 'Delivered', 7.20, 4.99, 'Captured', 43.19),
(99, 12, 111, 10, '2024-12-06 11:42:00', 'LoyaltyRedemption', 'Shipped', 5.40, 4.99, 'Captured', 32.39),
(100, 16, 112, 10, '2024-12-20 15:27:00', 'LoyaltyRedemption', 'Paid', 8.60, 4.99, 'Captured', 51.59),
(101, 20, 113, 10, '2024-10-19 13:52:00', 'LoyaltyRedemption', 'Delivered', 4.80, 4.99, 'Captured', 28.79),
(102, 24, 114, 10, '2024-11-12 10:17:00', 'LoyaltyRedemption', 'Delivered', 6.60, 4.99, 'Captured', 39.59),
(103, 28, 115, 10, '2024-11-26 14:42:00', 'LoyaltyRedemption', 'Delivered', 7.80, 4.99, 'Captured', 46.79),
(104, 32, 116, 10, '2024-12-10 11:07:00', 'LoyaltyRedemption', 'Shipped', 5.00, 4.99, 'Captured', 29.99),
(105, 36, 117, 10, '2024-10-25 15:32:00', 'LoyaltyRedemption', 'Delivered', 8.20, 4.99, 'Captured', 49.19),
(106, 40, 118, 10, '2024-11-16 12:57:00', 'LoyaltyRedemption', 'Delivered', 6.20, 4.99, 'Captured', 37.19),
(107, 44, 119, 10, '2024-11-30 09:22:00', 'LoyaltyRedemption', 'Delivered', 7.40, 4.99, 'Captured', 44.39),
(108, 48, 120, 10, '2024-12-14 16:47:00', 'LoyaltyRedemption', 'Paid', 5.80, 4.99, 'Captured', 34.79),
(109, 10, 109, 10, '2024-11-10 11:47:00', 'LoyaltyRedemption', 'Delivered', 6.40, 4.99, 'Captured', 38.39),
(110, 15, 110, 10, '2024-11-24 13:12:00', 'LoyaltyRedemption', 'Delivered', 8.00, 4.99, 'Captured', 47.99),
(111, 20, 111, 10, '2024-12-08 09:37:00', 'LoyaltyRedemption', 'Shipped', 5.20, 4.99, 'Captured', 31.19),
(112, 25, 112, 10, '2024-12-22 15:02:00', 'LoyaltyRedemption', 'Paid', 7.60, 4.99, 'Captured', 45.59),
(113, 30, 113, 10, '2024-10-21 12:27:00', 'LoyaltyRedemption', 'Delivered', 4.60, 4.99, 'Captured', 27.59),
(114, 35, 114, 10, '2024-11-14 14:52:00', 'LoyaltyRedemption', 'Delivered', 6.80, 4.99, 'Captured', 40.79),
(115, 5, 115, 7, '2024-12-05 16:15:00', 'GiftPurchase', 'Shipped', 20.00, 0.00, 'Captured', 100.00),
(116, 14, 116, 7, '2024-12-10 13:40:00', 'GiftPurchase', 'Shipped', 24.00, 0.00, 'Captured', 120.00),
(117, 23, 117, 7, '2024-12-15 11:05:00', 'GiftPurchase', 'Paid', 16.00, 0.00, 'Captured', 80.00),
(118, 32, 118, 7, '2024-12-20 14:30:00', 'GiftPurchase', 'Paid', 28.00, 0.00, 'Captured', 140.00),
(119, 41, 119, 7, '2024-12-08 10:55:00', 'GiftPurchase', 'Shipped', 18.00, 0.00, 'Captured', 90.00),
(120, 50, 120, 7, '2024-12-18 15:20:00', 'GiftPurchase', 'Paid', 22.00, 0.00, 'Captured', 110.00);

INSERT INTO OrderItem (OrderID, ComboID, ProductID, Quantity, UnitPrice) VALUES
(1, NULL, 1, 1, 15.99),
(1, NULL, 2, 1, 18.99),
(1, NULL, 5, 1, 9.99),
(2, 1, NULL, 1, 39.99),
(3, NULL, 21, 1, 45.00),
(3, NULL, 44, 1, 35.00),
(4, NULL, 6, 1, 11.99),
(4, NULL, 7, 1, 24.99),
(4, NULL, 11, 1, 14.99),
(4, NULL, 41, 1, 32.50),
(5, NULL, 3, 1, 12.99),
(5, NULL, 4, 1, 14.99),
(5, NULL, 17, 1, 16.99),
(6, 5, NULL, 1, 119.99),
(7, NULL, 26, 1, 55.00),
(8, 2, NULL, 1, 69.99),
(8, NULL, 12, 1, 12.99),
(9, NULL, 8, 1, 19.99),
(9, NULL, 10, 1, 16.99),
(10, 7, NULL, 1, 229.99),
(11, NULL, 21, 1, 45.00),
(11, NULL, 36, 1, 65.00),
(12, 3, NULL, 1, 59.99),
(12, NULL, 19, 1, 14.99),
(12, NULL, 20, 1, 8.99),
(13, NULL, 23, 1, 39.99),
(13, NULL, 38, 1, 49.99),
(14, 6, NULL, 1, 149.99),
(15, NULL, 11, 1, 14.99),
(15, NULL, 12, 1, 12.99),
(15, NULL, 13, 1, 13.99),
(15, NULL, 14, 1, 10.99),
(16, NULL, 31, 1, 149.99),
(17, NULL, 46, 1, 89.99),
(18, 9, NULL, 1, 199.99),
(19, NULL, 22, 1, 45.00),
(19, NULL, 37, 1, 65.00),
(20, 4, NULL, 1, 49.99),
(20, NULL, 15, 1, 11.99),
(21, NULL, 27, 1, 55.00),
(21, NULL, 40, 1, 59.99),
(22, 10, NULL, 1, 249.99),
(23, NULL, 28, 1, 89.99),
(23, NULL, 39, 1, 49.99),
(24, NULL, 32, 1, 199.99),
(25, NULL, 51, 1, 99.99),
(25, NULL, 52, 1, 99.99),
(26, 8, NULL, 1, 139.99),
(27, NULL, 53, 1, 119.99),
(28, NULL, 33, 1, 129.99),
(28, NULL, 54, 1, 89.99),
(29, NULL, 46, 1, 89.99),
(29, NULL, 47, 1, 99.99),
(30, 11, NULL, 1, 99.99),
(30, NULL, 48, 1, 129.99),
(31, NULL, 1, 1, 15.99),
(31, NULL, 6, 1, 11.99),
(31, NULL, 11, 1, 14.99),
(31, NULL, 41, 1, 32.50),
(32, 1, NULL, 1, 39.99),
(32, NULL, 43, 1, 24.99),
(32, NULL, 44, 1, 35.00),
(33, NULL, 21, 1, 45.00),
(33, NULL, 45, 1, 35.00),
(34, 2, NULL, 1, 69.99),
(34, NULL, 49, 1, 149.99),
(35, NULL, 26, 1, 55.00),
(35, NULL, 38, 1, 49.99),
(36, 3, NULL, 1, 59.99),
(36, NULL, 50, 1, 119.99),
(37, NULL, 46, 1, 89.99),
(37, NULL, 55, 1, 79.99),
(38, 7, NULL, 1, 229.99),
(39, NULL, 23, 1, 39.99),
(39, NULL, 39, 1, 49.99),
(40, 4, NULL, 1, 49.99),
(40, NULL, 51, 1, 99.99),
(41, NULL, 27, 1, 55.00),
(41, NULL, 40, 1, 59.99),
(42, 9, NULL, 1, 199.99),
(43, NULL, 22, 1, 45.00),
(43, NULL, 37, 1, 65.00),
(44, 5, NULL, 1, 119.99),
(45, NULL, 31, 1, 149.99),
(46, 6, NULL, 1, 149.99),
(46, NULL, 52, 1, 99.99),
(47, NULL, 28, 1, 89.99),
(47, NULL, 53, 1, 119.99),
(48, 8, NULL, 1, 139.99),
(49, NULL, 32, 1, 199.99),
(50, 10, NULL, 1, 249.99),
(51, NULL, 33, 1, 129.99),
(52, 11, NULL, 1, 99.99),
(52, NULL, 54, 1, 89.99),
(53, NULL, 34, 1, 69.99),
(53, NULL, 55, 1, 79.99),
(54, 12, NULL, 1, 159.99),
(55, 2, NULL, 1, 69.99),
(56, 2, NULL, 1, 69.99),
(57, 2, NULL, 1, 69.99),
(58, 2, NULL, 1, 69.99),
(59, 2, NULL, 1, 69.99),
(60, 2, NULL, 1, 69.99),
(61, 2, NULL, 1, 69.99),
(62, 2, NULL, 1, 69.99),
(63, 2, NULL, 1, 69.99),
(64, 2, NULL, 1, 69.99),
(65, 2, NULL, 1, 69.99),
(66, 2, NULL, 1, 69.99),
(67, 2, NULL, 1, 69.99),
(68, 2, NULL, 1, 69.99),
(69, 2, NULL, 1, 69.99),
(70, 2, NULL, 1, 69.99),
(71, 2, NULL, 1, 69.99),
(72, 2, NULL, 1, 69.99),
(73, 2, NULL, 1, 69.99),
(74, 2, NULL, 1, 69.99),
(75, 2, NULL, 1, 69.99),
(76, 2, NULL, 1, 69.99),
(77, 2, NULL, 1, 69.99),
(78, 2, NULL, 1, 69.99),
(79, 2, NULL, 1, 69.99),
(80, 2, NULL, 1, 69.99),
(81, 2, NULL, 1, 69.99),
(82, 2, NULL, 1, 69.99),
(83, 2, NULL, 1, 69.99),
(84, 2, NULL, 1, 69.99),
(85, 2, NULL, 1, 69.99),
(86, 2, NULL, 1, 69.99),
(87, 2, NULL, 1, 69.99),
(88, 2, NULL, 1, 69.99),
(89, 2, NULL, 1, 69.99),
(90, 2, NULL, 1, 69.99),
(91, 2, NULL, 1, 69.99),
(92, 2, NULL, 1, 69.99),
(93, 2, NULL, 1, 69.99),
(94, 2, NULL, 1, 69.99),
(95, 2, NULL, 1, 69.99),
(96, 2, NULL, 1, 69.99),
(97, NULL, 1, 1, 15.99),
(97, NULL, 5, 1, 9.99),
(98, NULL, 3, 1, 12.99),
(98, NULL, 4, 1, 14.99),
(98, NULL, 20, 1, 8.99),
(99, NULL, 6, 1, 11.99),
(99, NULL, 9, 1, 13.99),
(100, NULL, 12, 1, 12.99),
(100, NULL, 13, 1, 13.99),
(100, NULL, 14, 1, 10.99),
(101, NULL, 41, 1, 32.50),
(102, NULL, 43, 1, 24.99),
(102, NULL, 56, 1, 18.99),
(103, NULL, 8, 1, 19.99),
(103, NULL, 10, 1, 16.99),
(104, NULL, 15, 1, 11.99),
(104, NULL, 17, 1, 16.99),
(105, NULL, 11, 1, 14.99),
(105, NULL, 42, 1, 32.50),
(106, NULL, 7, 1, 24.99),
(106, NULL, 57, 1, 22.99),
(107, NULL, 16, 1, 29.99),
(107, NULL, 58, 1, 16.99),
(108, NULL, 18, 1, 34.99),
(109, NULL, 1, 1, 15.99),
(109, NULL, 2, 1, 18.99),
(110, NULL, 19, 1, 14.99),
(110, NULL, 44, 1, 35.00),
(111, NULL, 45, 1, 35.00),
(112, NULL, 46, 1, 89.99),
(113, NULL, 59, 1, 14.99),
(113, NULL, 60, 1, 19.99),
(114, NULL, 47, 1, 99.99),
(115, 1, NULL, 1, 39.99),
(115, NULL, 46, 1, 89.99),
(116, 12, NULL, 1, 159.99),
(117, 3, NULL, 1, 59.99),
(117, NULL, 41, 1, 32.50),
(118, 9, NULL, 1, 199.99),
(119, 4, NULL, 1, 49.99),
(119, NULL, 47, 1, 99.99),
(120, 8, NULL, 1, 139.99);

INSERT INTO Delivery (OrderID, ZoneID, ScheduledDeliveryDate, ScheduledTimeSlot, ActualDeliveryDate, DeliveryStatus, TrackingNumber) VALUES
(1, 1, '2024-10-16', '10:00-12:00', '2024-10-16 11:23:00', 'Delivered', 'TRK-2024-10-001'),
(2, 1, '2024-10-17', '14:00-16:00', '2024-10-17 15:12:00', 'Delivered', 'TRK-2024-10-002'),
(3, 1, '2024-10-19', '09:00-11:00', '2024-10-19 10:34:00', 'Delivered', 'TRK-2024-10-003'),
(4, 2, '2024-10-22', '16:00-18:00', '2024-10-22 17:05:00', 'Delivered', 'TRK-2024-10-004'),
(5, 1, '2024-10-23', '11:00-13:00', '2024-10-23 12:18:00', 'Delivered', 'TRK-2024-10-005'),
(6, 2, '2024-10-28', '10:00-12:00', '2024-10-28 11:45:00', 'Delivered', 'TRK-2024-10-006'),
(7, 3, '2024-10-29', '14:00-16:00', '2024-10-29 15:22:00', 'Delivered', 'TRK-2024-10-007'),
(8, 1, '2024-10-31', '09:00-11:00', '2024-10-31 10:08:00', 'Delivered', 'TRK-2024-10-008'),
(9, 1, '2024-11-02', '14:00-16:00', '2024-11-02 15:37:00', 'Delivered', 'TRK-2024-11-009'),
(10, 5, '2024-11-07', '16:00-18:00', '2024-11-07 17:14:00', 'Delivered', 'TRK-2024-11-010'),
(11, 1, '2024-11-08', '11:00-13:00', '2024-11-08 12:29:00', 'Delivered', 'TRK-2024-11-011'),
(12, 3, '2024-11-11', '10:00-12:00', '2024-11-11 11:53:00', 'Delivered', 'TRK-2024-11-012'),
(13, 3, '2024-11-12', '14:00-16:00', '2024-11-12 15:06:00', 'Delivered', 'TRK-2024-11-013'),
(14, 5, '2024-11-15', '09:00-11:00', '2024-11-15 10:41:00', 'Delivered', 'TRK-2024-11-014'),
(15, 1, '2024-11-18', '14:00-16:00', '2024-11-18 15:19:00', 'Delivered', 'TRK-2024-11-015'),
(16, 5, '2024-11-21', '11:00-13:00', '2024-11-21 12:34:00', 'Delivered', 'TRK-2024-11-016'),
(17, 1, '2024-11-22', '16:00-18:00', '2024-11-22 17:02:00', 'Delivered', 'TRK-2024-11-017'),
(18, 7, '2024-11-25', '10:00-12:00', '2024-11-25 11:27:00', 'Delivered', 'TRK-2024-11-018'),
(19, 3, '2024-11-28', '09:00-11:00', '2024-11-28 10:15:00', 'Delivered', 'TRK-2024-11-019'),
(20, 5, '2024-12-01', '15:00-17:00', '2024-12-01 16:08:00', 'Delivered', 'TRK-2024-12-020'),
(21, 3, '2024-12-03', '11:00-13:00', '2024-12-03 12:52:00', 'InTransit', 'TRK-2024-12-021'),
(22, 5, '2024-12-05', '14:00-16:00', '2024-12-05 15:33:00', 'InTransit', 'TRK-2024-12-022'),
(23, 9, '2024-12-07', '10:00-12:00', NULL, 'InTransit', 'TRK-2024-12-023'),
(24, 1, '2024-12-11', '11:00-13:00', NULL, 'InTransit', 'TRK-2024-12-024'),
(25, 3, '2024-12-13', '13:00-15:00', NULL, 'InTransit', 'TRK-2024-12-025'),
(26, 1, '2024-12-15', '09:00-11:00', NULL, 'Processing', 'TRK-2024-12-026'),
(27, 5, '2024-12-17', '15:00-17:00', NULL, 'Processing', 'TRK-2024-12-027'),
(28, 9, '2024-12-19', '10:00-12:00', NULL, 'Processing', 'TRK-2024-12-028'),
(29, 1, '2024-12-23', '11:00-13:00', NULL, 'Processing', 'TRK-2024-12-029'),
(30, 1, '2024-12-25', '16:00-18:00', NULL, 'Processing', 'TRK-2024-12-030'),
(31, 1, '2024-10-18', '12:00-14:00', '2024-10-18 13:15:00', 'Delivered', 'TRK-2024-10-031'),
(32, 1, '2024-10-20', '10:00-12:00', '2024-10-20 11:42:00', 'Delivered', 'TRK-2024-10-032'),
(33, 5, '2024-10-23', '14:00-16:00', '2024-10-23 15:28:00', 'Delivered', 'TRK-2024-10-033'),
(34, 1, '2024-10-26', '15:00-17:00', '2024-10-26 16:11:00', 'Delivered', 'TRK-2024-10-034'),
(35, 5, '2024-10-28', '09:00-11:00', '2024-10-28 10:37:00', 'Delivered', 'TRK-2024-10-035'),
(36, 3, '2024-10-30', '13:00-15:00', '2024-10-30 14:05:00', 'Delivered', 'TRK-2024-10-036'),
(37, 1, '2024-11-01', '10:00-12:00', '2024-11-01 11:49:00', 'Delivered', 'TRK-2024-11-037'),
(38, 5, '2024-11-04', '16:00-18:00', '2024-11-04 17:23:00', 'Delivered', 'TRK-2024-11-038'),
(39, 1, '2024-11-07', '14:00-16:00', '2024-11-07 15:14:00', 'Delivered', 'TRK-2024-11-039'),
(40, 9, '2024-11-09', '10:00-12:00', '2024-11-09 11:38:00', 'Delivered', 'TRK-2024-11-040'),
(41, 3, '2024-11-11', '15:00-17:00', '2024-11-11 16:26:00', 'Delivered', 'TRK-2024-11-041'),
(42, 3, '2024-11-13', '11:00-13:00', '2024-11-13 12:17:00', 'Delivered', 'TRK-2024-11-042'),
(43, 9, '2024-11-15', '13:00-15:00', '2024-11-15 14:31:00', 'Delivered', 'TRK-2024-11-043'),
(44, 1, '2024-11-19', '15:00-17:00', '2024-11-19 16:09:00', 'Delivered', 'TRK-2024-11-044'),
(45, 9, '2024-11-21', '10:00-12:00', '2024-11-21 11:54:00', 'Delivered', 'TRK-2024-11-045'),
(46, 3, '2024-11-23', '14:00-16:00', '2024-11-23 15:42:00', 'Delivered', 'TRK-2024-11-046'),
(47, 7, '2024-11-25', '11:00-13:00', '2024-11-25 12:18:00', 'Delivered', 'TRK-2024-11-047'),
(48, 1, '2024-11-27', '16:00-18:00', '2024-11-27 17:36:00', 'Delivered', 'TRK-2024-11-048'),
(49, 1, '2024-12-01', '13:00-15:00', '2024-12-01 14:22:00', 'Delivered', 'TRK-2024-12-049'),
(50, 1, '2024-12-03', '09:00-11:00', '2024-12-03 10:47:00', 'Delivered', 'TRK-2024-12-050'),
(51, 5, '2024-12-05', '15:00-17:00', NULL, 'InTransit', 'TRK-2024-12-051'),
(52, 1, '2024-12-07', '11:00-13:00', NULL, 'InTransit', 'TRK-2024-12-052'),
(53, 3, '2024-12-09', '14:00-16:00', NULL, 'Processing', 'TRK-2024-12-053'),
(54, 1, '2024-12-11', '10:00-12:00', NULL, 'Processing', 'TRK-2024-12-054'),
(55, 1, '2024-10-25', '10:00-12:00', '2024-10-25 11:15:00', 'Delivered', 'TRK-2024-10-055'),
(56, 3, '2024-11-04', '10:00-12:00', '2024-11-04 11:28:00', 'Delivered', 'TRK-2024-11-056'),
(57, 1, '2024-11-16', '10:00-12:00', '2024-11-16 11:42:00', 'Delivered', 'TRK-2024-11-057'),
(58, 5, '2024-11-26', '10:00-12:00', '2024-11-26 11:09:00', 'Delivered', 'TRK-2024-11-058'),
(59, 1, '2024-12-08', '10:00-12:00', NULL, 'InTransit', 'TRK-2024-12-059'),
(60, 5, '2024-12-20', '10:00-12:00', NULL, 'Processing', 'TRK-2024-12-060'),
(61, 1, '2024-10-24', '10:00-12:00', '2024-10-24 11:33:00', 'Delivered', 'TRK-2024-10-061'),
(62, 3, '2024-11-05', '10:00-12:00', '2024-11-05 11:51:00', 'Delivered', 'TRK-2024-11-062'),
(63, 1, '2024-11-17', '10:00-12:00', '2024-11-17 11:04:00', 'Delivered', 'TRK-2024-11-063'),
(64, 1, '2024-11-29', '10:00-12:00', '2024-11-29 11:39:00', 'Delivered', 'TRK-2024-11-064'),
(65, 1, '2024-12-11', '10:00-12:00', NULL, 'InTransit', 'TRK-2024-12-065'),
(66, 3, '2024-12-23', '10:00-12:00', NULL, 'Processing', 'TRK-2024-12-066'),
(67, 1, '2024-10-26', '10:00-12:00', '2024-10-26 11:26:00', 'Delivered', 'TRK-2024-10-067'),
(68, 5, '2024-11-07', '10:00-12:00', '2024-11-07 11:17:00', 'Delivered', 'TRK-2024-11-068'),
(69, 1, '2024-11-19', '10:00-12:00', '2024-11-19 11:48:00', 'Delivered', 'TRK-2024-11-069'),
(70, 1, '2024-12-01', '10:00-12:00', '2024-12-01 11:22:00', 'Delivered', 'TRK-2024-12-070'),
(71, 1, '2024-12-13', '10:00-12:00', NULL, 'Processing', 'TRK-2024-12-071'),
(72, 3, '2024-12-25', '10:00-12:00', NULL, 'Processing', 'TRK-2024-12-072'),
(73, 1, '2024-11-25', '10:00-12:00', '2024-11-25 11:38:00', 'Delivered', 'TRK-2024-11-073'),
(74, 3, '2024-10-23', '10:00-12:00', '2024-10-23 11:14:00', 'Delivered', 'TRK-2024-10-074'),
(75, 1, '2024-11-27', '10:00-12:00', '2024-11-27 11:52:00', 'Delivered', 'TRK-2024-11-075'),
(76, 5, '2024-12-07', '10:00-12:00', NULL, 'InTransit', 'TRK-2024-12-076'),
(77, 1, '2024-10-29', '10:00-12:00', '2024-10-29 11:07:00', 'Delivered', 'TRK-2024-10-077'),
(78, 5, '2024-11-09', '10:00-12:00', '2024-11-09 11:44:00', 'Delivered', 'TRK-2024-11-078'),
(79, 1, '2024-11-21', '10:00-12:00', '2024-11-21 11:29:00', 'Delivered', 'TRK-2024-11-079'),
(80, 1, '2024-12-03', '10:00-12:00', '2024-12-03 11:16:00', 'Delivered', 'TRK-2024-12-080'),
(81, 1, '2024-12-15', '10:00-12:00', NULL, 'Processing', 'TRK-2024-12-081'),
(82, 1, '2024-12-27', '10:00-12:00', NULL, 'Processing', 'TRK-2024-12-082'),
(83, 1, '2024-10-27', '10:00-12:00', '2024-10-27 11:41:00', 'Delivered', 'TRK-2024-10-083'),
(84, 3, '2024-11-08', '10:00-12:00', '2024-11-08 11:18:00', 'Delivered', 'TRK-2024-11-084'),
(85, 1, '2024-11-20', '10:00-12:00', '2024-11-20 11:35:00', 'Delivered', 'TRK-2024-11-085'),
(86, 5, '2024-12-02', '10:00-12:00', '2024-12-02 11:09:00', 'Delivered', 'TRK-2024-12-086'),
(87, 1, '2024-12-14', '10:00-12:00', NULL, 'Processing', 'TRK-2024-12-087'),
(88, 1, '2024-10-31', '10:00-12:00', '2024-10-31 11:27:00', 'Delivered', 'TRK-2024-10-088'),
(89, 1, '2024-11-12', '10:00-12:00', '2024-11-12 11:53:00', 'Delivered', 'TRK-2024-11-089'),
(90, 5, '2024-11-24', '10:00-12:00', '2024-11-24 11:12:00', 'Delivered', 'TRK-2024-11-090'),
(91, 1, '2024-12-06', '10:00-12:00', NULL, 'InTransit', 'TRK-2024-12-091'),
(92, 1, '2024-12-18', '10:00-12:00', NULL, 'Processing', 'TRK-2024-12-092'),
(93, 1, '2024-12-30', '10:00-12:00', NULL, 'Processing', 'TRK-2024-12-093'),
(94, 3, '2024-11-10', '10:00-12:00', '2024-11-10 11:46:00', 'Delivered', 'TRK-2024-11-094'),
(95, 1, '2024-11-22', '10:00-12:00', '2024-11-22 11:31:00', 'Delivered', 'TRK-2024-11-095'),
(96, 5, '2024-12-04', '10:00-12:00', '2024-12-04 11:08:00', 'Delivered', 'TRK-2024-12-096'),
(97, 1, '2024-11-09', '14:00-16:00', '2024-11-09 15:23:00', 'Delivered', 'TRK-2024-11-097'),
(98, 5, '2024-11-23', '11:00-13:00', '2024-11-23 12:07:00', 'Delivered', 'TRK-2024-11-098'),
(99, 3, '2024-12-07', '15:00-17:00', NULL, 'InTransit', 'TRK-2024-12-099'),
(100, 1, '2024-12-21', '10:00-12:00', NULL, 'Processing', 'TRK-2024-12-100'),
(101, 1, '2024-10-20', '14:00-16:00', '2024-10-20 15:18:00', 'Delivered', 'TRK-2024-10-101'),
(102, 5, '2024-11-13', '11:00-13:00', '2024-11-13 12:42:00', 'Delivered', 'TRK-2024-11-102'),
(103, 3, '2024-11-27', '15:00-17:00', '2024-11-27 16:14:00', 'Delivered', 'TRK-2024-11-103'),
(104, 1, '2024-12-11', '14:00-16:00', NULL, 'InTransit', 'TRK-2024-12-104'),
(105, 1, '2024-10-26', '11:00-13:00', '2024-10-26 12:36:00', 'Delivered', 'TRK-2024-10-105'),
(106, 7, '2024-11-17', '15:00-17:00', '2024-11-17 16:08:00', 'Delivered', 'TRK-2024-11-106'),
(107, 1, '2024-12-01', '14:00-16:00', '2024-12-01 15:27:00', 'Delivered', 'TRK-2024-12-107'),
(108, 1, '2024-12-15', '11:00-13:00', NULL, 'Processing', 'TRK-2024-12-108'),
(109, 3, '2024-11-11', '14:00-16:00', '2024-11-11 15:19:00', 'Delivered', 'TRK-2024-11-109'),
(110, 9, '2024-11-25', '11:00-13:00', '2024-11-25 12:53:00', 'Delivered', 'TRK-2024-11-110'),
(111, 1, '2024-12-09', '15:00-17:00', NULL, 'InTransit', 'TRK-2024-12-111'),
(112, 3, '2024-12-23', '14:00-16:00', NULL, 'Processing', 'TRK-2024-12-112'),
(113, 1, '2024-10-22', '11:00-13:00', '2024-10-22 12:14:00', 'Delivered', 'TRK-2024-10-113'),
(114, 3, '2024-11-15', '15:00-17:00', '2024-11-15 16:38:00', 'Delivered', 'TRK-2024-11-114'),
(115, 1, '2024-12-06', '09:00-11:00', NULL, 'InTransit', 'TRK-2024-12-115'),
(116, 3, '2024-12-11', '14:00-16:00', NULL, 'InTransit', 'TRK-2024-12-116'),
(117, 9, '2024-12-16', '11:00-13:00', NULL, 'Processing', 'TRK-2024-12-117'),
(118, 1, '2024-12-21', '15:00-17:00', NULL, 'Processing', 'TRK-2024-12-118'),
(119, 5, '2024-12-09', '10:00-12:00', NULL, 'InTransit', 'TRK-2024-12-119'),
(120, 1, '2024-12-19', '16:00-18:00', NULL, 'Processing', 'TRK-2024-12-120');


INSERT INTO Customer (FirstName, LastName, Email, PhoneNumber, DOB, CreatedDate) VALUES
('James', 'Anderson', 'james.anderson@gmail.com', '07700123456', '1988-03-15', '2024-10-01 09:23:00'),
('Mohammed', 'Ali', 'mohammed.ali@outlook.com', '07701234567', '1992-07-22', '2024-10-02 11:45:00'),
('Sarah', 'Williams', 'sarah.williams@yahoo.co.uk', '07702345678', '1985-11-30', '2024-10-03 14:12:00'),
('Priya', 'Patel', 'priya.patel@gmail.com', '07703456789', '1990-05-18', '2024-10-05 10:30:00'),
('David', 'Thompson', 'david.thompson@btinternet.com', '07704567890', '1987-09-12', '2024-10-07 16:20:00'),
('Emma', 'Davies', 'emma.davies@gmail.com', '07705678901', '1995-02-28', '2024-10-08 09:15:00'),
('Liam', 'O''Connor', 'liam.oconnor@icloud.com', '07706789012', '1989-12-05', '2024-10-10 13:40:00'),
('Aisha', 'Khan', 'aisha.khan@gmail.com', '07707890123', '1993-08-20', '2024-10-12 11:25:00'),
('Oliver', 'Brown', 'oliver.brown@yahoo.com', '07708901234', '1986-04-17', '2024-10-14 15:50:00'),
('Sophie', 'Taylor', 'sophie.taylor@outlook.com', '07709012345', '1991-06-09', '2024-10-15 10:05:00'),
('Joshua', 'Wilson', 'joshua.wilson@gmail.com', '07710123456', '1988-01-25', '2024-10-17 14:30:00'),
('Amelia', 'Evans', 'amelia.evans@hotmail.co.uk', '07711234567', '1994-10-14', '2024-10-18 09:45:00'),
('Noah', 'Roberts', 'noah.roberts@gmail.com', '07712345678', '1987-07-03', '2024-10-20 16:15:00'),
('Isla', 'Jones', 'isla.jones@yahoo.co.uk', '07713456789', '1990-03-28', '2024-10-22 11:00:00'),
('Harry', 'Lewis', 'harry.lewis@gmail.com', '07714567890', '1992-09-16', '2024-10-24 13:20:00'),
('Mia', 'Walker', 'mia.walker@outlook.com', '07715678901', '1989-11-22', '2024-10-25 10:35:00'),
('Jack', 'Hall', 'jack.hall@btinternet.com', '07716789012', '1985-05-07', '2024-10-27 15:10:00'),
('Ava', 'Young', 'ava.young@gmail.com', '07717890123', '1996-12-19', '2024-10-28 09:50:00'),
('Charlie', 'King', 'charlie.king@icloud.com', '07718901234', '1991-08-31', '2024-10-30 14:25:00'),
('Grace', 'Scott', 'grace.scott@yahoo.com', '07719012345', '1988-02-14', '2024-11-01 11:40:00'),
('George', 'Green', 'george.green@gmail.com', '07720123456', '1993-06-25', '2024-11-03 16:05:00'),
('Lily', 'Adams', 'lily.adams@outlook.com', '07721234567', '1987-04-09', '2024-11-04 10:20:00'),
('Thomas', 'Baker', 'thomas.baker@hotmail.co.uk', '07722345678', '1990-10-28', '2024-11-06 13:55:00'),
('Ella', 'Nelson', 'ella.nelson@gmail.com', '07723456789', '1995-01-12', '2024-11-07 09:30:00'),
('Oscar', 'Carter', 'oscar.carter@yahoo.co.uk', '07724567890', '1989-07-18', '2024-11-09 15:45:00'),
('Freya', 'Mitchell', 'freya.mitchell@gmail.com', '07725678901', '1992-03-05', '2024-11-10 11:10:00'),
('William', 'Perez', 'william.perez@btinternet.com', '07726789012', '1986-09-23', '2024-11-12 14:35:00'),
('Sophia', 'Roberts', 'sophia.roberts2@gmail.com', '07727890123', '1994-11-17', '2024-11-13 10:00:00'),
('Lucas', 'Turner', 'lucas.turner@icloud.com', '07728901234', '1988-05-30', '2024-11-15 16:25:00'),
('Emily', 'Phillips', 'emily.phillips@outlook.com', '07729012345', '1991-12-08', '2024-11-16 09:15:00'),
('Benjamin', 'Campbell', 'benjamin.campbell@gmail.com', '07730123456', '1987-08-14', '2024-11-18 13:40:00'),
('Isabella', 'Parker', 'isabella.parker@yahoo.com', '07731234567', '1993-02-21', '2024-11-19 11:05:00'),
('Alexander', 'Edwards', 'alexander.edwards@hotmail.co.uk', '07732345678', '1990-06-06', '2024-11-21 15:30:00'),
('Poppy', 'Collins', 'poppy.collins@gmail.com', '07733456789', '1995-10-19', '2024-11-22 10:55:00'),
('Henry', 'Stewart', 'henry.stewart@outlook.com', '07734567890', '1989-04-27', '2024-11-24 14:20:00'),
('Charlotte', 'Morris', 'charlotte.morris@gmail.com', '07735678901', '1992-01-03', '2024-11-25 09:45:00'),
('Daniel', 'Rogers', 'daniel.rogers@yahoo.co.uk', '07736789012', '1986-07-11', '2024-11-27 16:10:00'),
('Evie', 'Reed', 'evie.reed@btinternet.com', '07737890123', '1994-03-16', '2024-11-28 11:35:00'),
('Alfie', 'Cook', 'alfie.cook@gmail.com', '07738901234', '1988-11-24', '2024-11-30 13:00:00'),
('Ruby', 'Morgan', 'ruby.morgan@icloud.com', '07739012345', '1991-05-08', '2024-12-01 10:25:00'),
('Leo', 'Bell', 'leo.bell@outlook.com', '07740123456', '1987-09-29', '2024-12-03 15:50:00'),
('Rosie', 'Murphy', 'rosie.murphy@gmail.com', '07741234567', '1993-12-12', '2024-12-04 09:15:00'),
('Arthur', 'Bailey', 'arthur.bailey@yahoo.com', '07742345678', '1990-08-20', '2024-12-06 14:40:00'),
('Olivia', 'Rivera', 'olivia.rivera@hotmail.co.uk', '07743456789', '1995-02-26', '2024-12-07 11:05:00'),
('Jacob', 'Cooper', 'jacob.cooper@gmail.com', '07744567890', '1989-06-13', '2024-12-09 16:30:00'),
('Alice', 'Richardson', 'alice.richardson@outlook.com', '07745678901', '1992-10-01', '2024-12-10 10:55:00'),
('Archie', 'Cox', 'archie.cox@gmail.com', '07746789012', '1986-04-18', '2024-12-12 13:20:00'),
('Jessica', 'Howard', 'jessica.howard@yahoo.co.uk', '07747890123', '1994-08-25', '2024-12-13 09:45:00'),
('Freddie', 'Ward', 'freddie.ward@btinternet.com', '07748901234', '1988-12-07', '2024-12-15 15:10:00'),
('Daisy', 'Torres', 'daisy.torres@gmail.com', '07749012345', '1991-03-22', '2024-12-16 11:35:00'),
('Finley', 'Peterson', 'finley.peterson@icloud.com', '07750123456', '1987-07-15', '2024-12-18 14:00:00'),
('Matilda', 'Gray', 'matilda.gray@outlook.com', '07751234567', '1993-11-28', '2024-12-19 10:25:00'),
('Sebastian', 'Ramirez', 'sebastian.ramirez@gmail.com', '07752345678', '1990-05-10', '2024-12-21 16:50:00'),
('Maya', 'James', 'maya.james@yahoo.com', '07753456789', '1995-09-03', '2024-12-22 09:15:00'),
('Theodore', 'Watson', 'theodore.watson@hotmail.co.uk', '07754567890', '1989-01-17', '2024-12-24 13:40:00'),
('Luna', 'Brooks', 'luna.brooks@gmail.com', '07755678901', '1992-06-30', '2024-12-25 11:05:00'),
('Harrison', 'Kelly', 'harrison.kelly@outlook.com', '07756789012', '1986-10-21', '2024-12-27 15:30:00'),
('Ivy', 'Sanders', 'ivy.sanders@gmail.com', '07757890123', '1994-02-08', '2024-12-28 10:55:00'),
('Maxwell', 'Price', 'maxwell.price@yahoo.co.uk', '07758901234', '1988-06-14', '2024-12-30 14:20:00'),
('Willow', 'Bennett', 'willow.bennett@btinternet.com', '07759012345', '1991-10-26', '2025-01-02 09:45:00');

INSERT INTO Address (CustomerID, AddressLine, City, Postcode, Country, IsDefault) VALUES
(1, '14 Baker Street', 'London', 'NW1 6XE', 'United Kingdom', 1),
(2, '42 Oxford Street', 'London', 'W1D 1BS', 'United Kingdom', 1),
(3, '7 Piccadilly Circus', 'London', 'W1J 0DA', 'United Kingdom', 1),
(3, '22 Victoria Road', 'London', 'SW1A 1AA', 'United Kingdom', 0),
(4, '15 Kings Road', 'London', 'SW3 4RP', 'United Kingdom', 1),
(5, '88 Portobello Road', 'London', 'W11 2DY', 'United Kingdom', 1),
(6, '31 Carnaby Street', 'London', 'W1F 7DX', 'United Kingdom', 1),
(7, '5 Abbey Road', 'London', 'NW8 9AY', 'United Kingdom', 1),
(8, '19 Regent Street', 'London', 'W1B 4NG', 'United Kingdom', 1),
(9, '67 Camden High Street', 'London', 'NW1 7JL', 'United Kingdom', 1),
(10, '11 Downing Street', 'London', 'SW1A 2AA', 'United Kingdom', 1),
(11, '25 Deansgate', 'Manchester', 'M3 2BQ', 'United Kingdom', 1),
(12, '8 Market Street', 'Manchester', 'M1 1PT', 'United Kingdom', 1),
(13, '42 King Street', 'Manchester', 'M2 4LQ', 'United Kingdom', 1),
(14, '17 Oldham Street', 'Manchester', 'M1 1JG', 'United Kingdom', 1),
(15, '33 Portland Street', 'Manchester', 'M1 3LA', 'United Kingdom', 1),
(16, '56 New Street', 'Birmingham', 'B2 4BU', 'United Kingdom', 1),
(17, '12 Corporation Street', 'Birmingham', 'B2 4LP', 'United Kingdom', 1),
(18, '29 Broad Street', 'Birmingham', 'B1 2DS', 'United Kingdom', 1),
(19, '7 Bullring Shopping Centre', 'Birmingham', 'B5 4BU', 'United Kingdom', 1),
(20, '41 Colmore Row', 'Birmingham', 'B3 2BS', 'United Kingdom', 1),
(21, '18 Buchanan Street', 'Glasgow', 'G1 3HL', 'United Kingdom', 1),
(22, '64 Sauchiehall Street', 'Glasgow', 'G2 3DE', 'United Kingdom', 1),
(23, '9 Argyle Street', 'Glasgow', 'G2 8AD', 'United Kingdom', 1),
(24, '27 Byres Road', 'Glasgow', 'G12 8TT', 'United Kingdom', 1),
(25, '55 Great Western Road', 'Glasgow', 'G4 9BX', 'United Kingdom', 1),
(26, '13 Briggate', 'Leeds', 'LS1 6BR', 'United Kingdom', 1),
(27, '38 Headrow', 'Leeds', 'LS1 8TL', 'United Kingdom', 1),
(28, '22 Boar Lane', 'Leeds', 'LS1 5DA', 'United Kingdom', 1),
(29, '5 Trinity Leeds', 'Leeds', 'LS1 5AR', 'United Kingdom', 1),
(30, '47 Albion Street', 'Leeds', 'LS1 5ES', 'United Kingdom', 1),
(31, '21 Church Street', 'Liverpool', 'L1 3AY', 'United Kingdom', 1),
(32, '9 Lord Street', 'Liverpool', 'L2 9SA', 'United Kingdom', 1),
(33, '44 Bold Street', 'Liverpool', 'L1 4HR', 'United Kingdom', 1),
(34, '16 Paradise Street', 'Liverpool', 'L1 8JF', 'United Kingdom', 1),
(35, '31 Mathew Street', 'Liverpool', 'L2 6RE', 'United Kingdom', 1),
(36, '28 Princes Street', 'Edinburgh', 'EH2 2AN', 'United Kingdom', 1),
(37, '14 George Street', 'Edinburgh', 'EH2 2PF', 'United Kingdom', 1),
(38, '6 Rose Street', 'Edinburgh', 'EH2 2PR', 'United Kingdom', 1),
(39, '52 Grassmarket', 'Edinburgh', 'EH1 2JU', 'United Kingdom', 1),
(40, '19 Royal Mile', 'Edinburgh', 'EH1 1RE', 'United Kingdom', 1),
(41, '35 Park Street', 'Bristol', 'BS1 5JA', 'United Kingdom', 1),
(42, '11 Broadmead', 'Bristol', 'BS1 3EA', 'United Kingdom', 1),
(43, '23 Clifton Village', 'Bristol', 'BS8 4AA', 'United Kingdom', 1),
(44, '8 Whiteladies Road', 'Bristol', 'BS8 2QS', 'United Kingdom', 1),
(45, '46 Cabot Circus', 'Bristol', 'BS1 3BX', 'United Kingdom', 1),
(46, '17 Northumberland Street', 'Newcastle', 'NE1 7DE', 'United Kingdom', 1),
(47, '33 Grey Street', 'Newcastle', 'NE1 6EE', 'United Kingdom', 1),
(48, '9 Eldon Square', 'Newcastle', 'NE1 7XS', 'United Kingdom', 1),
(49, '25 Quayside', 'Newcastle', 'NE1 3DX', 'United Kingdom', 1),
(50, '41 Jesmond Road', 'Newcastle', 'NE2 1NH', 'United Kingdom', 1),
(51, '12 Market Square', 'Nottingham', 'NG1 2DP', 'United Kingdom', 1),
(52, '29 Clumber Street', 'Nottingham', 'NG1 3ED', 'United Kingdom', 1),
(53, '7 Victoria Centre', 'Nottingham', 'NG1 3QA', 'United Kingdom', 1),
(54, '18 Bridlesmith Gate', 'Nottingham', 'NG1 2GR', 'United Kingdom', 1),
(55, '44 Long Row', 'Nottingham', 'NG1 2DH', 'United Kingdom', 1),
(56, '26 Fargate', 'Sheffield', 'S1 2HE', 'United Kingdom', 1),
(57, '10 High Street', 'Sheffield', 'S1 2GA', 'United Kingdom', 1),
(58, '38 Division Street', 'Sheffield', 'S1 4GF', 'United Kingdom', 1),
(59, '5 Meadowhall', 'Sheffield', 'S9 1EP', 'United Kingdom', 1),
(60, '21 Ecclesall Road', 'Sheffield', 'S11 8HW', 'United Kingdom', 1),
(1, '99 Park Lane', 'London', 'W1K 7TN', 'United Kingdom', 0),
(5, '77 Bond Street', 'London', 'W1S 4RB', 'United Kingdom', 0),
(10, '55 Fleet Street', 'London', 'EC4Y 1JU', 'United Kingdom', 0),
(15, '88 Cross Street', 'Manchester', 'M2 1WS', 'United Kingdom', 0),
(20, '66 High Street', 'Birmingham', 'B4 7SL', 'United Kingdom', 0),
(25, '44 Trongate', 'Glasgow', 'G1 5EP', 'United Kingdom', 0),
(30, '33 Kirkgate', 'Leeds', 'LS2 7DJ', 'United Kingdom', 0),
(35, '22 Dale Street', 'Liverpool', 'L2 2ET', 'United Kingdom', 0),
(40, '11 Hanover Street', 'Edinburgh', 'EH2 2DL', 'United Kingdom', 0),
(45, '29 Baldwin Street', 'Bristol', 'BS1 1SD', 'United Kingdom', 0),
(50, '37 Dean Street', 'Newcastle', 'NE1 1PG', 'United Kingdom', 0),
(55, '15 Wheeler Gate', 'Nottingham', 'NG1 2NA', 'United Kingdom', 0),
(60, '42 Pinstone Street', 'Sheffield', 'S1 2HN', 'United Kingdom', 0),
(11, '88 York Street', 'Manchester', 'M2 3BB', 'United Kingdom', 0),
(21, '55 Queen Street', 'Glasgow', 'G1 3EF', 'United Kingdom', 0),
(31, '77 Castle Street', 'Liverpool', 'L2 7PQ', 'United Kingdom', 0),
(41, '99 Queen Square', 'Bristol', 'BS1 4JE', 'United Kingdom', 0),
(6, '123 Knightsbridge', 'London', 'SW1X 7RJ', 'United Kingdom', 0),
(16, '45 Navigation Street', 'Birmingham', 'B5 4AB', 'United Kingdom', 0),
(26, '66 Commercial Street', 'Leeds', 'LS1 6AL', 'United Kingdom', 0),
(36, '88 Frederick Street', 'Edinburgh', 'EH2 1EY', 'United Kingdom', 0),
(46, '22 Blackett Street', 'Newcastle', 'NE1 5BS', 'United Kingdom', 0),
(56, '99 The Moor', 'Sheffield', 'S1 4PF', 'United Kingdom', 0),
(2, '111 Shoreditch High Street', 'London', 'E1 6JN', 'United Kingdom', 0),
(12, '55 Albert Square', 'Manchester', 'M2 5PF', 'United Kingdom', 0),
(22, '33 St Vincent Street', 'Glasgow', 'G2 5TF', 'United Kingdom', 0),
(32, '44 Lime Street', 'Liverpool', 'L1 1JJ', 'United Kingdom', 0),
(42, '66 Corn Street', 'Bristol', 'BS1 1HQ', 'United Kingdom', 0),
(52, '88 Hockley', 'Nottingham', 'NG1 1FH', 'United Kingdom', 0),
(4, '222 Brick Lane', 'London', 'E1 6SA', 'United Kingdom', 0),
(14, '77 Spinningfields', 'Manchester', 'M3 3AP', 'United Kingdom', 0),
(24, '99 Merchant City', 'Glasgow', 'G1 1RB', 'United Kingdom', 0);

INSERT INTO ConsentRecord (CustomerID, ConsentType, ConsentGiven, ConsentDate) VALUES
(1, 'Marketing', 1, '2024-10-01 09:25:00'),
(2, 'Marketing', 1, '2024-10-02 11:47:00'),
(3, 'Marketing', 0, '2024-10-03 14:14:00'),
(4, 'Marketing', 1, '2024-10-05 10:32:00'),
(5, 'Marketing', 1, '2024-10-07 16:22:00'),
(6, 'Marketing', 1, '2024-10-08 09:17:00'),
(7, 'Marketing', 0, '2024-10-10 13:42:00'),
(8, 'Marketing', 1, '2024-10-12 11:27:00'),
(9, 'Marketing', 1, '2024-10-14 15:52:00'),
(10, 'Marketing', 1, '2024-10-15 10:07:00'),
(11, 'Marketing', 0, '2024-10-17 14:32:00'),
(12, 'Marketing', 1, '2024-10-18 09:47:00'),
(13, 'Marketing', 1, '2024-10-20 16:17:00'),
(14, 'Marketing', 0, '2024-10-22 11:02:00'),
(15, 'Marketing', 1, '2024-10-24 13:22:00'),
(16, 'Marketing', 1, '2024-10-25 10:37:00'),
(17, 'Marketing', 1, '2024-10-27 15:12:00'),
(18, 'Marketing', 0, '2024-10-28 09:52:00'),
(19, 'Marketing', 1, '2024-10-30 14:27:00'),
(20, 'Marketing', 1, '2024-11-01 11:42:00'),
(21, 'Marketing', 1, '2024-11-03 16:07:00'),
(22, 'Marketing', 0, '2024-11-04 10:22:00'),
(23, 'Marketing', 1, '2024-11-06 13:57:00'),
(24, 'Marketing', 1, '2024-11-07 09:32:00'),
(25, 'Marketing', 0, '2024-11-09 15:47:00'),
(26, 'Marketing', 1, '2024-11-10 11:12:00'),
(27, 'Marketing', 1, '2024-11-12 14:37:00'),
(28, 'Marketing', 1, '2024-11-13 10:02:00'),
(29, 'Marketing', 0, '2024-11-15 16:27:00'),
(30, 'Marketing', 1, '2024-11-16 09:17:00'),
(31, 'Marketing', 1, '2024-11-18 13:42:00'),
(32, 'Marketing', 1, '2024-11-19 11:07:00'),
(33, 'Marketing', 0, '2024-11-21 15:32:00'),
(34, 'Marketing', 1, '2024-11-22 10:57:00'),
(35, 'Marketing', 1, '2024-11-24 14:22:00'),
(36, 'Marketing', 0, '2024-11-25 09:47:00'),
(37, 'Marketing', 1, '2024-11-27 16:12:00'),
(38, 'Marketing', 1, '2024-11-28 11:37:00'),
(39, 'Marketing', 1, '2024-11-30 13:02:00'),
(40, 'Marketing', 1, '2024-12-01 10:27:00'),
(41, 'Marketing', 0, '2024-12-03 15:52:00'),
(42, 'Marketing', 1, '2024-12-04 09:17:00'),
(43, 'Marketing', 1, '2024-12-06 14:42:00'),
(44, 'Marketing', 1, '2024-12-07 11:07:00'),
(45, 'Marketing', 0, '2024-12-09 16:32:00'),
(46, 'Marketing', 1, '2024-12-10 10:57:00'),
(47, 'Marketing', 1, '2024-12-12 13:22:00'),
(48, 'Marketing', 1, '2024-12-13 09:47:00'),
(49, 'Marketing', 0, '2024-12-15 15:12:00'),
(50, 'Marketing', 1, '2024-12-16 11:37:00'),
(51, 'Marketing', 1, '2024-12-18 14:02:00'),
(52, 'Marketing', 0, '2024-12-19 10:27:00'),
(53, 'Marketing', 1, '2024-12-21 16:52:00'),
(54, 'Marketing', 1, '2024-12-22 09:17:00'),
(55, 'Marketing', 1, '2024-12-24 13:42:00'),
(56, 'Marketing', 0, '2024-12-25 11:07:00'),
(57, 'Marketing', 1, '2024-12-27 15:32:00'),
(58, 'Marketing', 1, '2024-12-28 10:57:00'),
(59, 'Marketing', 1, '2024-12-30 14:22:00'),
(60, 'Marketing', 0, '2025-01-02 09:47:00'),
(1, 'Cookies', 1, '2024-10-01 09:24:00'),
(2, 'Cookies', 1, '2024-10-02 11:46:00'),
(3, 'Cookies', 1, '2024-10-03 14:13:00'),
(4, 'Cookies', 1, '2024-10-05 10:31:00'),
(5, 'Cookies', 1, '2024-10-07 16:21:00'),
(6, 'Cookies', 1, '2024-10-08 09:16:00'),
(7, 'Cookies', 1, '2024-10-10 13:41:00'),
(8, 'Cookies', 1, '2024-10-12 11:26:00'),
(9, 'Cookies', 1, '2024-10-14 15:51:00'),
(10, 'Cookies', 1, '2024-10-15 10:06:00'),
(11, 'Cookies', 1, '2024-10-17 14:31:00'),
(12, 'Cookies', 1, '2024-10-18 09:46:00'),
(13, 'Cookies', 1, '2024-10-20 16:16:00'),
(14, 'Cookies', 1, '2024-10-22 11:01:00'),
(15, 'Cookies', 1, '2024-10-24 13:21:00'),
(16, 'Cookies', 1, '2024-10-25 10:36:00'),
(17, 'Cookies', 1, '2024-10-27 15:11:00'),
(18, 'Cookies', 1, '2024-10-28 09:51:00'),
(19, 'Cookies', 1, '2024-10-30 14:26:00'),
(20, 'Cookies', 1, '2024-11-01 11:41:00'),
(21, 'Cookies', 1, '2024-11-03 16:06:00'),
(22, 'Cookies', 1, '2024-11-04 10:21:00'),
(23, 'Cookies', 1, '2024-11-06 13:56:00'),
(24, 'Cookies', 1, '2024-11-07 09:31:00'),
(25, 'Cookies', 1, '2024-11-09 15:46:00'),
(26, 'Cookies', 1, '2024-11-10 11:11:00'),
(27, 'Cookies', 1, '2024-11-12 14:36:00'),
(28, 'Cookies', 1, '2024-11-13 10:01:00'),
(29, 'Cookies', 1, '2024-11-15 16:26:00'),
(30, 'Cookies', 1, '2024-11-16 09:16:00'),
(31, 'Cookies', 0, '2024-11-18 13:41:00'),
(32, 'Cookies', 1, '2024-11-19 11:06:00'),
(33, 'Cookies', 1, '2024-11-21 15:31:00'),
(34, 'Cookies', 1, '2024-11-22 10:56:00'),
(35, 'Cookies', 1, '2024-11-24 14:21:00'),
(36, 'Cookies', 1, '2024-11-25 09:46:00'),
(37, 'Cookies', 1, '2024-11-27 16:11:00'),
(38, 'Cookies', 1, '2024-11-28 11:36:00'),
(39, 'Cookies', 1, '2024-11-30 13:01:00'),
(40, 'Cookies', 1, '2024-12-01 10:26:00'),
(41, 'Cookies', 1, '2024-12-03 15:51:00'),
(42, 'Cookies', 1, '2024-12-04 09:16:00'),
(43, 'Cookies', 1, '2024-12-06 14:41:00'),
(44, 'Cookies', 1, '2024-12-07 11:06:00'),
(45, 'Cookies', 1, '2024-12-09 16:31:00'),
(46, 'Cookies', 1, '2024-12-10 10:56:00'),
(47, 'Cookies', 1, '2024-12-12 13:21:00'),
(48, 'Cookies', 1, '2024-12-13 09:46:00'),
(49, 'Cookies', 1, '2024-12-15 15:11:00'),
(50, 'Cookies', 1, '2024-12-16 11:36:00'),
(51, 'Cookies', 1, '2024-12-18 14:01:00'),
(52, 'Cookies', 1, '2024-12-19 10:26:00'),
(53, 'Cookies', 1, '2024-12-21 16:51:00'),
(54, 'Cookies', 1, '2024-12-22 09:16:00'),
(55, 'Cookies', 1, '2024-12-24 13:41:00'),
(56, 'Cookies', 1, '2024-12-25 11:06:00'),
(57, 'Cookies', 1, '2024-12-27 15:31:00'),
(58, 'Cookies', 1, '2024-12-28 10:56:00'),
(59, 'Cookies', 0, '2024-12-30 14:21:00'),
(60, 'Cookies', 1, '2025-01-02 09:46:00'),
(1, 'Terms', 1, '2024-10-01 09:23:00'),
(2, 'Terms', 1, '2024-10-02 11:45:00'),
(3, 'Terms', 1, '2024-10-03 14:12:00'),
(4, 'Terms', 1, '2024-10-05 10:30:00'),
(5, 'Terms', 1, '2024-10-07 16:20:00'),
(6, 'Terms', 1, '2024-10-08 09:15:00'),
(7, 'Terms', 1, '2024-10-10 13:40:00'),
(8, 'Terms', 1, '2024-10-12 11:25:00'),
(9, 'Terms', 1, '2024-10-14 15:50:00'),
(10, 'Terms', 1, '2024-10-15 10:05:00'),
(11, 'Terms', 1, '2024-10-17 14:30:00'),
(12, 'Terms', 1, '2024-10-18 09:45:00'),
(13, 'Terms', 1, '2024-10-20 16:15:00'),
(14, 'Terms', 1, '2024-10-22 11:00:00'),
(15, 'Terms', 1, '2024-10-24 13:20:00'),
(16, 'Terms', 1, '2024-10-25 10:35:00'),
(17, 'Terms', 1, '2024-10-27 15:10:00'),
(18, 'Terms', 1, '2024-10-28 09:50:00'),
(19, 'Terms', 1, '2024-10-30 14:25:00'),
(20, 'Terms', 1, '2024-11-01 11:40:00'),
(21, 'Terms', 1, '2024-11-03 16:05:00'),
(22, 'Terms', 1, '2024-11-04 10:20:00'),
(23, 'Terms', 1, '2024-11-06 13:55:00'),
(24, 'Terms', 1, '2024-11-07 09:30:00'),
(25, 'Terms', 1, '2024-11-09 15:45:00'),
(26, 'Terms', 1, '2024-11-10 11:10:00'),
(27, 'Terms', 1, '2024-11-12 14:35:00'),
(28, 'Terms', 1, '2024-11-13 10:00:00'),
(29, 'Terms', 1, '2024-11-15 16:25:00'),
(30, 'Terms', 1, '2024-11-16 09:15:00'),
(31, 'Terms', 1, '2024-11-18 13:40:00'),
(32, 'Terms', 1, '2024-11-19 11:05:00'),
(33, 'Terms', 1, '2024-11-21 15:30:00'),
(34, 'Terms', 1, '2024-11-22 10:55:00'),
(35, 'Terms', 1, '2024-11-24 14:20:00'),
(36, 'Terms', 1, '2024-11-25 09:45:00'),
(37, 'Terms', 1, '2024-11-27 16:10:00'),
(38, 'Terms', 1, '2024-11-28 11:35:00'),
(39, 'Terms', 1, '2024-11-30 13:00:00'),
(40, 'Terms', 1, '2024-12-01 10:25:00'),
(41, 'Terms', 1, '2024-12-03 15:50:00'),
(42, 'Terms', 1, '2024-12-04 09:15:00'),
(43, 'Terms', 1, '2024-12-06 14:40:00'),
(44, 'Terms', 1, '2024-12-07 11:05:00'),
(45, 'Terms', 1, '2024-12-09 16:30:00'),
(46, 'Terms', 1, '2024-12-10 10:55:00'),
(47, 'Terms', 1, '2024-12-12 13:20:00'),
(48, 'Terms', 1, '2024-12-13 09:45:00'),
(49, 'Terms', 1, '2024-12-15 15:10:00'),
(50, 'Terms', 1, '2024-12-16 11:35:00'),
(51, 'Terms', 1, '2024-12-18 14:00:00'),
(52, 'Terms', 1, '2024-12-19 10:25:00'),
(53, 'Terms', 1, '2024-12-21 16:50:00'),
(54, 'Terms', 1, '2024-12-22 09:15:00'),
(55, 'Terms', 1, '2024-12-24 13:40:00'),
(56, 'Terms', 1, '2024-12-25 11:05:00'),
(57, 'Terms', 1, '2024-12-27 15:30:00'),
(58, 'Terms', 1, '2024-12-28 10:55:00'),
(59, 'Terms', 1, '2024-12-30 14:20:00'),
(60, 'Terms', 1, '2025-01-02 09:45:00');

INSERT INTO ProductCategory (CategoryID, ParentCategoryID, CategoryName, Description, IsActive) VALUES
(1, NULL, 'Grooming', 'Men''s grooming products', 1),
(2, NULL, 'Wardrobe', 'Clothing and apparel', 1),
(3, NULL, 'Accessories', 'Fashion accessories', 1),
(4, 1, 'Beard Care', 'Beard oils, balms, and tools', 1),
(5, 1, 'Skincare', 'Face creams and cleansers', 1),
(6, 1, 'Hair Care', 'Shampoo, pomade, styling products', 1),
(7, 1, 'Shaving', 'Razors and shaving products', 1),
(8, 2, 'Shirts', 'Dress shirts and casual shirts', 1),
(9, 2, 'Knitwear', 'Sweaters and cardigans', 1),
(10, 2, 'Outerwear', 'Jackets and coats', 1),
(11, 2, 'Trousers', 'Formal and casual trousers', 1),
(12, 3, 'Leather Goods', 'Wallets and belts', 1),
(13, 3, 'Watches', 'Timepieces', 1),
(14, 3, 'Footwear', 'Shoes and boots', 1),
(15, 3, 'Small Leather Goods', 'Cardholders and key rings', 1);

INSERT INTO Product (ProductID, CategoryID, ProductName, ProductDescription, UnitPrice, CostPrice, SKU, IsActive) VALUES
(1, 4, 'Cedarwood Beard Oil', '30ml premium beard conditioning oil', 15.99, 7.50, 'GRM-BRDOIL-0001', 1),
(2, 4, 'Sandalwood Beard Balm', '60ml styling and conditioning balm', 18.99, 9.00, 'GRM-BRDBLM-0002', 1),
(3, 4, 'Beard Trimming Scissors', 'Professional grade stainless steel', 12.99, 6.00, 'GRM-BRDSCR-0003', 1),
(4, 4, 'Boar Bristle Beard Brush', 'Natural boar bristle grooming brush', 14.99, 7.00, 'GRM-BRDBRS-0004', 1),
(5, 4, 'Beard Comb Set', 'Wooden comb set (3 sizes)', 9.99, 4.50, 'GRM-BRDCMB-0005', 1),
(6, 5, 'Charcoal Face Wash', '150ml activated charcoal cleanser', 11.99, 5.50, 'GRM-SKFCWS-0006', 1),
(7, 5, 'Anti-Aging Face Cream', '50ml retinol moisturizer', 24.99, 12.00, 'GRM-SKFCCM-0007', 1),
(8, 5, 'Vitamin C Serum', '30ml brightening serum', 19.99, 9.50, 'GRM-SKVCSM-0008', 1),
(9, 5, 'Exfoliating Scrub', '100ml face scrub', 13.99, 6.50, 'GRM-SKEXSC-0009', 1),
(10, 5, 'SPF 30 Face Moisturizer', '75ml daily sun protection', 16.99, 8.00, 'GRM-SKSPF3-0010', 1),
(11, 6, 'Matte Clay Pomade', '100g strong hold styling clay', 14.99, 7.00, 'GRM-HRPMD1-0011', 1),
(12, 6, 'Thickening Shampoo', '250ml volumizing shampoo', 12.99, 6.00, 'GRM-HRSHMP-0012', 1),
(13, 6, 'Argan Oil Conditioner', '250ml hydrating conditioner', 13.99, 6.50, 'GRM-HRCNDT-0013', 1),
(14, 6, 'Sea Salt Spray', '150ml texturing spray', 10.99, 5.00, 'GRM-HRSALT-0014', 1),
(15, 6, 'Hair Wax Strong Hold', '75g professional styling wax', 11.99, 5.50, 'GRM-HRWAX1-0015', 1),
(16, 7, 'Safety Razor Set', 'Classic double-edge razor with stand', 29.99, 14.00, 'GRM-SHRZR1-0016', 1),
(17, 7, 'Shaving Cream Sandalwood', '150ml luxury shaving cream', 16.99, 8.00, 'GRM-SHCRM1-0017', 1),
(18, 7, 'Badger Hair Shaving Brush', 'Premium badger hair brush', 34.99, 16.00, 'GRM-SHBRS1-0018', 1),
(19, 7, 'Aftershave Balm', '100ml soothing balm', 14.99, 7.00, 'GRM-SHAFTR-0019', 1),
(20, 7, 'Alum Block', 'Natural aftershave stone', 8.99, 4.00, 'GRM-SHALUM-0020', 1),
(21, 8, 'Egyptian Cotton Dress Shirt White', 'Classic white formal shirt', 45.00, 22.00, 'WRD-SHIRT-0021', 1),
(22, 8, 'Egyptian Cotton Dress Shirt Blue', 'Light blue formal shirt', 45.00, 22.00, 'WRD-SHIRT-0022', 1),
(23, 8, 'Oxford Button-Down Shirt', 'Casual blue oxford shirt', 39.99, 19.00, 'WRD-SHIRT-0023', 1),
(24, 8, 'Linen Summer Shirt', 'Breathable white linen shirt', 42.00, 20.00, 'WRD-SHIRT-0024', 1),
(25, 8, 'Flannel Check Shirt', 'Warm winter flannel shirt', 38.00, 18.00, 'WRD-SHIRT-0025', 1),
(26, 9, 'Merino Wool V-Neck Sweater Navy', 'Classic navy sweater', 55.00, 27.00, 'WRD-KNIT1-0026', 1),
(27, 9, 'Merino Wool V-Neck Sweater Grey', 'Classic grey sweater', 55.00, 27.00, 'WRD-KNIT1-0027', 1),
(28, 9, 'Cashmere Cardigan', 'Luxury button cardigan', 89.99, 45.00, 'WRD-KNIT2-0028', 1),
(29, 9, 'Cable Knit Jumper', 'Traditional cable knit', 49.99, 24.00, 'WRD-KNIT3-0029', 1),
(30, 9, 'Quarter Zip Pullover', 'Athletic quarter zip', 44.99, 22.00, 'WRD-KNIT4-0030', 1),
(31, 10, 'Wool Overcoat Navy', 'Tailored navy overcoat', 149.99, 75.00, 'WRD-COAT1-0031', 1),
(32, 10, 'Leather Bomber Jacket', 'Classic brown bomber', 199.99, 100.00, 'WRD-COAT2-0032', 1),
(33, 10, 'Waterproof Parka', 'All-weather parka jacket', 129.99, 65.00, 'WRD-COAT3-0033', 1),
(34, 10, 'Quilted Gilet', 'Versatile quilted vest', 69.99, 34.00, 'WRD-COAT4-0034', 1),
(35, 10, 'Denim Jacket', 'Classic blue denim', 79.99, 39.00, 'WRD-COAT5-0035', 1),
(36, 11, 'Wool Dress Trousers Charcoal', 'Formal charcoal trousers', 65.00, 32.00, 'WRD-TROU1-0036', 1),
(37, 11, 'Wool Dress Trousers Navy', 'Formal navy trousers', 65.00, 32.00, 'WRD-TROU1-0037', 1),
(38, 11, 'Chino Trousers Beige', 'Smart casual chinos', 49.99, 24.00, 'WRD-TROU2-0038', 1),
(39, 11, 'Chino Trousers Navy', 'Smart casual chinos', 49.99, 24.00, 'WRD-TROU2-0039', 1),
(40, 11, 'Dark Wash Jeans', 'Slim fit dark jeans', 59.99, 29.00, 'WRD-TROU3-0040', 1),
(41, 12, 'Leather Bifold Wallet Brown', 'Classic brown leather wallet', 32.50, 16.00, 'ACC-WLLT1-0041', 1),
(42, 12, 'Leather Bifold Wallet Black', 'Classic black leather wallet', 32.50, 16.00, 'ACC-WLLT1-0042', 1),
(43, 12, 'Cardholder Slim Black', 'Minimalist card holder', 24.99, 12.00, 'ACC-CARD1-0043', 1),
(44, 12, 'Leather Belt Brown', 'Full-grain leather belt', 35.00, 17.00, 'ACC-BELT1-0044', 1),
(45, 12, 'Leather Belt Black', 'Full-grain leather belt', 35.00, 17.00, 'ACC-BELT1-0045', 1),
(46, 13, 'Classic Analog Watch Silver', 'Minimalist silver watch', 89.99, 45.00, 'ACC-WTCH1-0046', 1),
(47, 13, 'Classic Analog Watch Gold', 'Minimalist gold watch', 99.99, 50.00, 'ACC-WTCH2-0047', 1),
(48, 13, 'Chronograph Sports Watch', 'Multi-function sports watch', 129.99, 65.00, 'ACC-WTCH3-0048', 1),
(49, 13, 'Diving Watch Black', 'Water-resistant dive watch', 149.99, 75.00, 'ACC-WTCH4-0049', 1),
(50, 13, 'Dress Watch Leather Strap', 'Elegant leather strap watch', 119.99, 60.00, 'ACC-WTCH5-0050', 1),
(51, 14, 'Oxford Dress Shoes Black', 'Formal black oxfords', 99.99, 50.00, 'ACC-SHOE1-0051', 1),
(52, 14, 'Oxford Dress Shoes Brown', 'Formal brown oxfords', 99.99, 50.00, 'ACC-SHOE1-0052', 1),
(53, 14, 'Suede Chelsea Boots', 'Smart casual chelsea boots', 119.99, 60.00, 'ACC-SHOE2-0053', 1),
(54, 14, 'Leather Loafers', 'Slip-on leather loafers', 89.99, 45.00, 'ACC-SHOE3-0054', 1),
(55, 14, 'White Leather Sneakers', 'Minimalist white sneakers', 79.99, 39.00, 'ACC-SHOE4-0055', 1),
(56, 15, 'Leather Key Ring', 'Premium leather key holder', 18.99, 9.00, 'ACC-KEYH1-0056', 1),
(57, 15, 'Passport Holder', 'Travel passport cover', 22.99, 11.00, 'ACC-PASS1-0057', 1),
(58, 15, 'Money Clip', 'Stainless steel money clip', 16.99, 8.00, 'ACC-CLIP1-0058', 1),
(59, 15, 'Leather Coin Purse', 'Zip coin pouch', 14.99, 7.00, 'ACC-COIN1-0059', 1),
(60, 15, 'Business Card Holder', 'Professional card case', 19.99, 9.50, 'ACC-BCRD1-0060', 1),
(61, 4, 'Luxury Beard Gift Set', 'Oil, balm, and comb gift box', 44.99, 22.00, 'GRM-BRDGFT-0061', 1),
(62, 5, 'Complete Skincare Set', '4-step daily routine kit', 59.99, 29.00, 'GRM-SKGFT1-0062', 1),
(63, 6, 'Hair Styling Bundle', 'Pomade, spray, and wax trio', 34.99, 17.00, 'GRM-HRGFT1-0063', 1),
(64, 7, 'Traditional Shaving Kit', 'Razor, brush, cream, balm', 79.99, 39.00, 'GRM-SHGFT1-0064', 1),
(65, 8, 'Formal Shirt Twin Pack', 'White and blue dress shirts', 85.00, 42.00, 'WRD-SHIRT-0065', 1),
(66, 9, 'Sweater Collection', '3 merino wool sweaters', 149.99, 75.00, 'WRD-KNIT9-0066', 1),
(67, 11, 'Trouser Essentials', 'Charcoal and navy pair', 119.99, 59.00, 'WRD-TROU9-0067', 1),
(68, 12, 'Leather Accessories Set', 'Wallet, belt, cardholder', 89.99, 44.00, 'ACC-LTHGFT-0068', 1),
(69, 14, 'Shoe Care Kit', 'Polish, brush, and cream', 24.99, 12.00, 'ACC-SHOCA1-0069', 1),
(70, 15, 'Travel Essentials', 'Passport, luggage tag, key ring', 49.99, 24.00, 'ACC-TRVL1-0070', 1);

INSERT INTO ComboProduct (ComboID, ComboName, ComboDescription, StandardPrice, ComboPrice, IsActive) VALUES
(1, 'Gentleman Starter Kit', 'Essential grooming basics: oil, balm, comb', 45.97, 39.99, 1),
(2, 'Premium Grooming Box', 'Complete beard and skincare routine', 89.95, 69.99, 1),
(3, 'Shaving Essentials', 'Traditional wet shaving starter', 74.96, 59.99, 1),
(4, 'Fresh Start Bundle', 'Skincare morning routine', 62.96, 49.99, 1),
(5, 'Professional Wardrobe', 'Shirt, trousers, belt combo', 145.00, 119.99, 1),
(6, 'Smart Casual Set', 'Oxford shirt, chinos, loafers', 179.98, 149.99, 1),
(7, 'Winter Warmers', 'Sweater, coat, wool trousers', 274.98, 229.99, 1),
(8, 'Weekend Essentials', 'Casual shirt, jeans, sneakers', 177.98, 139.99, 1),
(9, 'Leather Gentleman', 'Wallet, belt, shoes, watch', 257.48, 199.99, 1),
(10, 'Business Professional', 'Complete formal outfit', 309.99, 249.99, 1),
(11, 'Grooming Deluxe', 'All grooming categories', 124.94, 99.99, 1),
(12, 'Gift Box Premium', 'Luxury gift selection', 199.96, 159.99, 1);

INSERT INTO ComboProductItem (ComboID, ProductID, Quantity, IsSubstitutable) VALUES
-- Combo 1: Gentleman Starter Kit (3 items)
(1, 1, 1, 0),  -- Cedarwood Beard Oil
(1, 2, 1, 0),  -- Sandalwood Beard Balm
(1, 5, 1, 0),  -- Beard Comb Set

-- Combo 2: Premium Grooming Box (5 items)
(2, 1, 1, 0),  -- Cedarwood Beard Oil
(2, 4, 1, 0),  -- Boar Bristle Beard Brush
(2, 6, 1, 0),  -- Charcoal Face Wash
(2, 7, 1, 0),  -- Anti-Aging Face Cream
(2, 11, 1, 0), -- Matte Clay Pomade

-- Combo 3: Shaving Essentials (4 items)
(3, 16, 1, 0), -- Safety Razor Set
(3, 17, 1, 0), -- Shaving Cream
(3, 18, 1, 0), -- Badger Hair Brush
(3, 19, 1, 0), -- Aftershave Balm

-- Combo 4: Fresh Start Bundle (4 items)
(4, 6, 1, 0),  -- Charcoal Face Wash
(4, 8, 1, 0),  -- Vitamin C Serum
(4, 10, 1, 0), -- SPF 30 Moisturizer
(4, 12, 1, 0), -- Thickening Shampoo

-- Combo 5: Professional Wardrobe (3 items)
(5, 21, 1, 0), -- White Dress Shirt
(5, 36, 1, 0), -- Charcoal Trousers
(5, 44, 1, 0), -- Brown Leather Belt

-- Combo 6: Smart Casual Set (3 items)
(6, 23, 1, 0), -- Oxford Button-Down
(6, 38, 1, 0), -- Beige Chinos
(6, 54, 1, 0), -- Leather Loafers

-- Combo 7: Winter Warmers (3 items)
(7, 26, 1, 0), -- Navy Merino Sweater
(7, 31, 1, 0), -- Wool Overcoat
(7, 36, 1, 0), -- Charcoal Trousers

-- Combo 8: Weekend Essentials (3 items)
(8, 25, 1, 0), -- Flannel Shirt
(8, 40, 1, 0), -- Dark Jeans
(8, 55, 1, 0), -- White Sneakers

-- Combo 9: Leather Gentleman (4 items)
(9, 41, 1, 0), -- Brown Wallet
(9, 44, 1, 0), -- Brown Belt
(9, 52, 1, 0), -- Brown Oxfords
(9, 46, 1, 0), -- Silver Watch

-- Combo 10: Business Professional (5 items)
(10, 21, 1, 0), -- White Dress Shirt
(10, 22, 1, 0), -- Blue Dress Shirt
(10, 36, 1, 0), -- Charcoal Trousers
(10, 45, 1, 0), -- Black Belt
(10, 51, 1, 0), -- Black Oxfords

-- Combo 11: Grooming Deluxe (6 items)
(11, 1, 1, 0),  -- Beard Oil
(11, 6, 1, 0),  -- Face Wash
(11, 11, 1, 0), -- Pomade
(11, 16, 1, 0), -- Safety Razor
(11, 12, 1, 0), -- Shampoo
(11, 13, 1, 0), -- Conditioner

-- Combo 12: Gift Box Premium (8 items)
(12, 1, 1, 0),  -- Beard Oil
(12, 7, 1, 0),  -- Face Cream
(12, 41, 1, 0), -- Wallet
(12, 46, 1, 0), -- Watch
(12, 43, 1, 0), -- Cardholder
(12, 56, 1, 0), -- Key Ring
(12, 57, 1, 0), -- Passport Holder
(12, 11, 1, 0), -- Pomade

-- Additional combo variations for variety (18 more rows)
(1, 4, 1, 1),  -- Substitute: Brush for Combo 1
(2, 8, 1, 1),  -- Substitute: Vitamin C for Combo 2
(3, 20, 1, 1), -- Substitute: Alum Block for Combo 3
(4, 9, 1, 1),  -- Substitute: Exfoliating Scrub for Combo 4
(5, 22, 1, 1), -- Substitute: Blue Shirt for Combo 5
(6, 39, 1, 1), -- Substitute: Navy Chinos for Combo 6
(7, 27, 1, 1), -- Substitute: Grey Sweater for Combo 7
(8, 24, 1, 1), -- Substitute: Linen Shirt for Combo 8
(9, 42, 1, 1), -- Substitute: Black Wallet for Combo 9
(10, 37, 1, 1), -- Substitute: Navy Trousers for Combo 10
(11, 14, 1, 1), -- Substitute: Sea Salt Spray for Combo 11
(12, 47, 1, 1); -- Substitute: Gold Watch for Combo 12

INSERT INTO Payment (BillingID, PaymentDate, PaymentType, PaymentMethodType, CardToken, CardLastFour, CardBrand, CardExpiryMonth, CardExpiryYear, TransactionReference, PaymentStatus) VALUES
(1, '2024-10-15 10:30:00', 'Purchase', 'Visa', 'tok_visa_4532123456789012', '9012', 'Visa Debit', 8, 2027, 'TXN-2024-001', 'Captured'),
(2, '2024-10-16 14:22:00', 'Purchase', 'Visa', 'tok_visa_4929123456789013', '9013', 'Visa Credit', 12, 2026, 'TXN-2024-002', 'Captured'),
(3, '2024-10-18 09:45:00', 'Purchase', 'Visa', 'tok_visa_4716123456789014', '9014', 'Visa Debit', 5, 2028, 'TXN-2024-003', 'Captured'),
(4, '2024-10-20 16:10:00', 'Purchase', 'Visa', 'tok_visa_4485123456789015', '9015', 'Visa Credit', 3, 2027, 'TXN-2024-004', 'Captured'),
(5, '2024-10-22 11:35:00', 'Purchase', 'Visa', 'tok_visa_4024123456789016', '9016', 'Visa Debit', 9, 2028, 'TXN-2024-005', 'Captured'),
(6, '2024-10-24 13:55:00', 'Subscription', 'Visa', 'tok_visa_4539123456789017', '9017', 'Visa Credit', 6, 2027, 'TXN-2024-006', 'Captured'),
(7, '2024-10-26 10:20:00', 'Purchase', 'Visa', 'tok_visa_4916123456789018', '9018', 'Visa Debit', 11, 2026, 'TXN-2024-007', 'Captured'),
(8, '2024-10-28 15:40:00', 'Purchase', 'Visa', 'tok_visa_4532123456789019', '9019', 'Visa Credit', 2, 2028, 'TXN-2024-008', 'Captured'),
(9, '2024-10-30 09:15:00', 'Purchase', 'Visa', 'tok_visa_4929123456789020', '9020', 'Visa Debit', 7, 2027, 'TXN-2024-009', 'Captured'),
(10, '2024-11-01 14:05:00', 'Purchase', 'Visa', 'tok_visa_4716123456789021', '9021', 'Visa Credit', 4, 2028, 'TXN-2024-010', 'Captured'),
(11, '2024-11-03 10:50:00', 'Subscription', 'Visa', 'tok_visa_4485123456789022', '9022', 'Visa Debit', 10, 2026, 'TXN-2024-011', 'Captured'),
(12, '2024-11-05 16:25:00', 'Purchase', 'Visa', 'tok_visa_4024123456789023', '9023', 'Visa Credit', 1, 2027, 'TXN-2024-012', 'Captured'),
(13, '2024-11-07 11:40:00', 'Purchase', 'Visa', 'tok_visa_4539123456789024', '9024', 'Visa Debit', 8, 2028, 'TXN-2024-013', 'Captured'),
(14, '2024-11-09 13:20:00', 'Purchase', 'Visa', 'tok_visa_4916123456789025', '9025', 'Visa Credit', 5, 2027, 'TXN-2024-014', 'Captured'),
(15, '2024-11-11 09:55:00', 'Purchase', 'Visa', 'tok_visa_4532123456789026', '9026', 'Visa Debit', 12, 2026, 'TXN-2024-015', 'Captured'),
(16, '2024-11-13 15:10:00', 'Purchase', 'Visa', 'tok_visa_4929123456789027', '9027', 'Visa Credit', 3, 2028, 'TXN-2024-016', 'Captured'),
(17, '2024-11-15 10:35:00', 'Subscription', 'Visa', 'tok_visa_4716123456789028', '9028', 'Visa Debit', 9, 2027, 'TXN-2024-017', 'Captured'),
(18, '2024-11-17 14:50:00', 'Purchase', 'Visa', 'tok_visa_4485123456789029', '9029', 'Visa Credit', 6, 2028, 'TXN-2024-018', 'Captured'),
(19, '2024-11-19 11:15:00', 'Purchase', 'Visa', 'tok_visa_4024123456789030', '9030', 'Visa Debit', 11, 2026, 'TXN-2024-019', 'Captured'),
(20, '2024-11-21 16:30:00', 'Purchase', 'Visa', 'tok_visa_4539123456789031', '9031', 'Visa Credit', 2, 2027, 'TXN-2024-020', 'Captured'),
(21, '2024-11-23 10:00:00', 'Purchase', 'Visa', 'tok_visa_4916123456789032', '9032', 'Visa Debit', 7, 2028, 'TXN-2024-021', 'Captured'),
(22, '2024-11-25 13:45:00', 'Subscription', 'Visa', 'tok_visa_4532123456789033', '9033', 'Visa Credit', 4, 2027, 'TXN-2024-022', 'Captured'),
(23, '2024-11-27 09:20:00', 'Purchase', 'Visa', 'tok_visa_4929123456789034', '9034', 'Visa Debit', 10, 2026, 'TXN-2024-023', 'Captured'),
(24, '2024-11-29 15:05:00', 'Purchase', 'Visa', 'tok_visa_4716123456789035', '9035', 'Visa Credit', 1, 2028, 'TXN-2024-024', 'Captured'),
(25, '2024-12-01 11:30:00', 'Purchase', 'Visa', 'tok_visa_4485123456789036', '9036', 'Visa Debit', 8, 2027, 'TXN-2024-025', 'Captured'),
(26, '2024-12-03 14:15:00', 'Purchase', 'Visa', 'tok_visa_4024123456789037', '9037', 'Visa Credit', 5, 2028, 'TXN-2024-026', 'Captured'),
(27, '2024-12-05 10:40:00', 'Purchase', 'Visa', 'tok_visa_4539123456789038', '9038', 'Visa Debit', 12, 2026, 'TXN-2024-027', 'Captured'),
(28, '2024-12-07 16:25:00', 'Subscription', 'Visa', 'tok_visa_4916123456789039', '9039', 'Visa Credit', 3, 2027, 'TXN-2024-028', 'Captured'),
(29, '2024-12-09 11:50:00', 'Purchase', 'Visa', 'tok_visa_4532123456789040', '9040', 'Visa Debit', 9, 2028, 'TXN-2024-029', 'Captured'),
(30, '2024-12-11 13:35:00', 'Purchase', 'Visa', 'tok_visa_4929123456789041', '9041', 'Visa Credit', 6, 2027, 'TXN-2024-030', 'Captured'),
(31, '2024-12-13 09:10:00', 'Purchase', 'Visa', 'tok_visa_4716123456789042', '9042', 'Visa Debit', 11, 2026, 'TXN-2024-031', 'Captured'),
(32, '2024-12-15 15:55:00', 'Purchase', 'Visa', 'tok_visa_4485123456789043', '9043', 'Visa Credit', 2, 2028, 'TXN-2024-032', 'Captured'),
(33, '2024-12-17 10:25:00', 'Purchase', 'Visa', 'tok_visa_4024123456789044', '9044', 'Visa Debit', 7, 2027, 'TXN-2024-033', 'Captured'),
(34, '2024-12-19 14:40:00', 'Subscription', 'Visa', 'tok_visa_4539123456789045', '9045', 'Visa Credit', 4, 2028, 'TXN-2024-034', 'Captured'),
(35, '2024-12-21 11:05:00', 'Purchase', 'Visa', 'tok_visa_4916123456789046', '9046', 'Visa Debit', 10, 2026, 'TXN-2024-035', 'Captured'),
(36, '2024-12-23 16:20:00', 'Purchase', 'Visa', 'tok_visa_4532123456789047', '9047', 'Visa Credit', 1, 2027, 'TXN-2024-036', 'Captured'),
(37, '2024-10-17 12:30:00', 'Purchase', 'Visa', 'tok_visa_4929123456789048', '9048', 'Visa Debit', 8, 2028, 'TXN-2024-037', 'Captured'),
(38, '2024-10-19 10:15:00', 'Purchase', 'Visa', 'tok_visa_4716123456789049', '9049', 'Visa Credit', 5, 2027, 'TXN-2024-038', 'Captured'),
(39, '2024-10-21 14:50:00', 'Purchase', 'Visa', 'tok_visa_4485123456789050', '9050', 'Visa Debit', 12, 2026, 'TXN-2024-039', 'Captured'),
(40, '2024-10-23 11:25:00', 'Subscription', 'Visa', 'tok_visa_4024123456789051', '9051', 'Visa Credit', 3, 2028, 'TXN-2024-040', 'Captured'),
(41, '2024-10-25 15:40:00', 'Purchase', 'Visa', 'tok_visa_4539123456789052', '9052', 'Visa Debit', 9, 2027, 'TXN-2024-041', 'Captured'),
(42, '2024-10-27 09:05:00', 'Purchase', 'Visa', 'tok_visa_4916123456789053', '9053', 'Visa Credit', 6, 2028, 'TXN-2024-042', 'Captured'),
(43, '2024-10-29 13:20:00', 'Purchase', 'Visa', 'tok_visa_4532123456789054', '9054', 'Visa Debit', 11, 2026, 'TXN-2024-043', 'Captured'),
(44, '2024-10-31 10:45:00', 'Purchase', 'Visa', 'tok_visa_4929123456789055', '9055', 'Visa Credit', 2, 2027, 'TXN-2024-044', 'Captured'),
(45, '2024-11-02 16:10:00', 'Purchase', 'Visa', 'tok_visa_4716123456789056', '9056', 'Visa Debit', 7, 2028, 'TXN-2024-045', 'Captured'),
(46, '2024-11-04 11:35:00', 'Subscription', 'Visa', 'tok_visa_4485123456789057', '9057', 'Visa Credit', 4, 2027, 'TXN-2024-046', 'Captured'),
(47, '2024-11-06 14:55:00', 'Purchase', 'Visa', 'tok_visa_4024123456789058', '9058', 'Visa Debit', 10, 2026, 'TXN-2024-047', 'Captured'),
(48, '2024-11-08 10:20:00', 'Purchase', 'Visa', 'tok_visa_4539123456789059', '9059', 'Visa Credit', 1, 2028, 'TXN-2024-048', 'Captured'),
(49, '2024-11-10 15:45:00', 'Purchase', 'Visa', 'tok_visa_4916123456789060', '9060', 'Visa Debit', 8, 2027, 'TXN-2024-049', 'Captured'),
(50, '2024-11-12 11:10:00', 'Purchase', 'Visa', 'tok_visa_4532123456789061', '9061', 'Visa Credit', 5, 2028, 'TXN-2024-050', 'Captured'),
(51, '2024-11-14 13:30:00', 'Purchase', 'Visa', 'tok_visa_4929123456789062', '9062', 'Visa Debit', 12, 2026, 'TXN-2024-051', 'Captured'),
(52, '2024-11-16 09:55:00', 'Subscription', 'Visa', 'tok_visa_4716123456789063', '9063', 'Visa Credit', 3, 2027, 'TXN-2024-052', 'Captured'),
(53, '2024-11-18 15:20:00', 'Purchase', 'Visa', 'tok_visa_4485123456789064', '9064', 'Visa Debit', 9, 2028, 'TXN-2024-053', 'Captured'),
(54, '2024-11-20 10:45:00', 'Purchase', 'Visa', 'tok_visa_4024123456789065', '9065', 'Visa Credit', 6, 2027, 'TXN-2024-054', 'Captured'),
(55, '2024-11-22 14:10:00', 'Purchase', 'Visa', 'tok_visa_4539123456789066', '9066', 'Visa Debit', 11, 2026, 'TXN-2024-055', 'Captured'),
(56, '2024-11-24 11:35:00', 'Purchase', 'Visa', 'tok_visa_4916123456789067', '9067', 'Visa Credit', 2, 2028, 'TXN-2024-056', 'Captured'),
(57, '2024-11-26 16:00:00', 'Purchase', 'Visa', 'tok_visa_4532123456789068', '9068', 'Visa Debit', 7, 2027, 'TXN-2024-057', 'Captured'),
(58, '2024-11-28 10:25:00', 'Subscription', 'Visa', 'tok_visa_4929123456789069', '9069', 'Visa Credit', 4, 2028, 'TXN-2024-058', 'Captured'),
(59, '2024-11-30 13:50:00', 'Purchase', 'Visa', 'tok_visa_4716123456789070', '9070', 'Visa Debit', 10, 2026, 'TXN-2024-059', 'Captured'),
(60, '2024-12-02 09:15:00', 'Purchase', 'Visa', 'tok_visa_4485123456789071', '9071', 'Visa Credit', 1, 2027, 'TXN-2024-060', 'Captured'),
(61, '2024-12-04 15:40:00', 'Purchase', 'Visa', 'tok_visa_4024123456789072', '9072', 'Visa Debit', 8, 2028, 'TXN-2024-061', 'Captured'),
(62, '2024-12-06 11:05:00', 'Purchase', 'Visa', 'tok_visa_4539123456789073', '9073', 'Visa Credit', 5, 2027, 'TXN-2024-062', 'Captured'),
(63, '2024-12-08 14:30:00', 'Purchase', 'Visa', 'tok_visa_4916123456789074', '9074', 'Visa Debit', 12, 2026, 'TXN-2024-063', 'Captured'),
(64, '2024-12-10 10:55:00', 'Subscription', 'Visa', 'tok_visa_4532123456789075', '9075', 'Visa Credit', 3, 2028, 'TXN-2024-064', 'Captured'),
(65, '2024-12-12 16:20:00', 'Purchase', 'Visa', 'tok_visa_4929123456789076', '9076', 'Visa Debit', 9, 2027, 'TXN-2024-065', 'Captured'),
(66, '2024-12-14 11:45:00', 'Purchase', 'Visa', 'tok_visa_4716123456789077', '9077', 'Visa Credit', 6, 2028, 'TXN-2024-066', 'Captured'),
(67, '2024-12-16 13:10:00', 'Purchase', 'Visa', 'tok_visa_4485123456789078', '9078', 'Visa Debit', 11, 2026, 'TXN-2024-067', 'Captured'),
(68, '2024-12-18 09:35:00', 'Purchase', 'Visa', 'tok_visa_4024123456789079', '9079', 'Visa Credit', 2, 2027, 'TXN-2024-068', 'Captured'),
(69, '2024-12-20 15:00:00', 'Purchase', 'Visa', 'tok_visa_4539123456789080', '9080', 'Visa Debit', 7, 2028, 'TXN-2024-069', 'Captured'),
(70, '2024-12-22 10:25:00', 'Subscription', 'Visa', 'tok_visa_4916123456789081', '9081', 'Visa Credit', 4, 2027, 'TXN-2024-070', 'Captured'),
(71, '2024-12-24 14:50:00', 'Purchase', 'Visa', 'tok_visa_4532123456789082', '9082', 'Visa Debit', 10, 2026, 'TXN-2024-071', 'Captured'),
(72, '2024-12-26 11:15:00', 'Purchase', 'Visa', 'tok_visa_4929123456789083', '9083', 'Visa Credit', 1, 2028, 'TXN-2024-072', 'Captured'),
(73, '2024-10-16 10:30:00', 'Purchase', 'Mastercard', 'tok_mc_5425123456789012', '9012', 'Mastercard', 8, 2027, 'TXN-2024-073', 'Captured'),
(74, '2024-10-18 14:45:00', 'Purchase', 'Mastercard', 'tok_mc_2720123456789013', '9013', 'Mastercard', 12, 2026, 'TXN-2024-074', 'Captured'),
(75, '2024-10-20 11:20:00', 'Subscription', 'Mastercard', 'tok_mc_5105123456789014', '9014', 'Mastercard', 5, 2028, 'TXN-2024-075', 'Captured'),
(76, '2024-10-22 15:35:00', 'Purchase', 'Mastercard', 'tok_mc_5425123456789015', '9015', 'Mastercard', 3, 2027, 'TXN-2024-076', 'Captured'),
(77, '2024-10-24 09:50:00', 'Purchase', 'Mastercard', 'tok_mc_2720123456789016', '9016', 'Mastercard', 9, 2028, 'TXN-2024-077', 'Captured'),
(78, '2024-10-26 13:15:00', 'Purchase', 'Mastercard', 'tok_mc_5105123456789017', '9017', 'Mastercard', 6, 2027, 'TXN-2024-078', 'Captured'),
(79, '2024-10-28 10:40:00', 'Purchase', 'Mastercard', 'tok_mc_5425123456789018', '9018', 'Mastercard', 11, 2026, 'TXN-2024-079', 'Captured'),
(80, '2024-10-30 16:05:00', 'Subscription', 'Mastercard', 'tok_mc_2720123456789019', '9019', 'Mastercard', 2, 2028, 'TXN-2024-080', 'Captured'),
(81, '2024-11-01 11:30:00', 'Purchase', 'Mastercard', 'tok_mc_5105123456789020', '9020', 'Mastercard', 7, 2027, 'TXN-2024-081', 'Captured'),
(82, '2024-11-03 14:55:00', 'Purchase', 'Mastercard', 'tok_mc_5425123456789021', '9021', 'Mastercard', 4, 2028, 'TXN-2024-082', 'Captured'),
(83, '2024-11-05 10:20:00', 'Purchase', 'Mastercard', 'tok_mc_2720123456789022', '9022', 'Mastercard', 10, 2026, 'TXN-2024-083', 'Captured'),
(84, '2024-11-07 15:45:00', 'Purchase', 'Mastercard', 'tok_mc_5105123456789023', '9023', 'Mastercard', 1, 2027, 'TXN-2024-084', 'Captured'),
(85, '2024-11-09 11:10:00', 'Subscription', 'Mastercard', 'tok_mc_5425123456789024', '9024', 'Mastercard', 8, 2028, 'TXN-2024-085', 'Captured'),
(86, '2024-11-11 13:35:00', 'Purchase', 'Mastercard', 'tok_mc_2720123456789025', '9025', 'Mastercard', 5, 2027, 'TXN-2024-086', 'Captured'),
(87, '2024-11-13 09:00:00', 'Purchase', 'Mastercard', 'tok_mc_5105123456789026', '9026', 'Mastercard', 12, 2026, 'TXN-2024-087', 'Captured'),
(88, '2024-11-15 16:25:00', 'Purchase', 'Mastercard', 'tok_mc_5425123456789027', '9027', 'Mastercard', 3, 2028, 'TXN-2024-088', 'Captured'),
(89, '2024-11-17 10:50:00', 'Purchase', 'Mastercard', 'tok_mc_2720123456789028', '9028', 'Mastercard', 9, 2027, 'TXN-2024-089', 'Captured'),
(90, '2024-11-19 14:15:00', 'Subscription', 'Mastercard', 'tok_mc_5105123456789029', '9029', 'Mastercard', 6, 2028, 'TXN-2024-090', 'Captured'),
(91, '2024-11-21 11:40:00', 'Purchase', 'Mastercard', 'tok_mc_5425123456789030', '9030', 'Mastercard', 11, 2026, 'TXN-2024-091', 'Captured'),
(92, '2024-11-23 16:05:00', 'Purchase', 'Mastercard', 'tok_mc_2720123456789031', '9031', 'Mastercard', 2, 2027, 'TXN-2024-092', 'Captured'),
(93, '2024-11-25 10:30:00', 'Purchase', 'Mastercard', 'tok_mc_5105123456789032', '9032', 'Mastercard', 7, 2028, 'TXN-2024-093', 'Captured'),
(94, '2024-11-27 13:55:00', 'Purchase', 'Mastercard', 'tok_mc_5425123456789033', '9033', 'Mastercard', 4, 2027, 'TXN-2024-094', 'Captured'),
(95, '2024-11-29 09:20:00', 'Subscription', 'Mastercard', 'tok_mc_2720123456789034', '9034', 'Mastercard', 10, 2026, 'TXN-2024-095', 'Captured'),
(96, '2024-12-01 15:45:00', 'Purchase', 'Mastercard', 'tok_mc_5105123456789035', '9035', 'Mastercard', 1, 2028, 'TXN-2024-096', 'Captured'),
(97, '2024-12-03 11:10:00', 'Purchase', 'Mastercard', 'tok_mc_5425123456789036', '9036', 'Mastercard', 8, 2027, 'TXN-2024-097', 'Captured'),
(98, '2024-12-05 14:35:00', 'Purchase', 'Mastercard', 'tok_mc_2720123456789037', '9037', 'Mastercard', 5, 2028, 'TXN-2024-098', 'Captured'),
(99, '2024-12-07 10:00:00', 'Purchase', 'Mastercard', 'tok_mc_5105123456789038', '9038', 'Mastercard', 12, 2026, 'TXN-2024-099', 'Captured'),
(100, '2024-12-09 16:25:00', 'Subscription', 'Mastercard', 'tok_mc_5425123456789039', '9039', 'Mastercard', 3, 2027, 'TXN-2024-100', 'Captured'),
(101, '2024-12-11 11:50:00', 'Purchase', 'Mastercard', 'tok_mc_2720123456789040', '9040', 'Mastercard', 9, 2028, 'TXN-2024-101', 'Captured'),
(102, '2024-12-13 13:15:00', 'Purchase', 'Mastercard', 'tok_mc_5105123456789041', '9041', 'Mastercard', 6, 2027, 'TXN-2024-102', 'Captured'),
(103, '2024-12-15 09:40:00', 'Purchase', 'Mastercard', 'tok_mc_5425123456789042', '9042', 'Mastercard', 11, 2026, 'TXN-2024-103', 'Captured'),
(104, '2024-12-17 16:05:00', 'Purchase', 'Mastercard', 'tok_mc_2720123456789043', '9043', 'Mastercard', 2, 2028, 'TXN-2024-104', 'Captured'),
(105, '2024-12-19 10:30:00', 'Subscription', 'Mastercard', 'tok_mc_5105123456789044', '9044', 'Mastercard', 7, 2027, 'TXN-2024-105', 'Captured'),
(106, '2024-12-21 14:55:00', 'Purchase', 'Mastercard', 'tok_mc_5425123456789045', '9045', 'Mastercard', 4, 2028, 'TXN-2024-106', 'Captured'),
(107, '2024-12-23 11:20:00', 'Purchase', 'Mastercard', 'tok_mc_2720123456789046', '9046', 'Mastercard', 10, 2026, 'TXN-2024-107', 'Captured'),
(108, '2024-12-25 15:45:00', 'Purchase', 'Mastercard', 'tok_mc_5105123456789047', '9047', 'Mastercard', 1, 2027, 'TXN-2024-108', 'Captured'),
(109, '2024-11-08 10:30:00', 'Purchase', 'Amex', 'tok_amex_374245455400126', '0126', 'American Express', 8, 2027, 'TXN-2024-109', 'Captured'),
(110, '2024-11-22 14:15:00', 'Purchase', 'Amex', 'tok_amex_378282246310005', '0005', 'American Express', 12, 2026, 'TXN-2024-110', 'Captured'),
(111, '2024-12-06 11:40:00', 'Purchase', 'Amex', 'tok_amex_371449635398431', '8431', 'American Express', 5, 2028, 'TXN-2024-111', 'Captured'),
(112, '2024-12-20 15:25:00', 'Purchase', 'Amex', 'tok_amex_378734493671000', '1000', 'American Express', 3, 2027, 'TXN-2024-112', 'Captured'),
(113, '2024-10-19 13:50:00', 'Purchase', 'PayPal', 'tok_paypal_user1@example.com', NULL, NULL, NULL, NULL, 'TXN-2024-113', 'Captured'),
(114, '2024-11-12 10:15:00', 'Purchase', 'PayPal', 'tok_paypal_user2@example.com', NULL, NULL, NULL, NULL, 'TXN-2024-114', 'Captured'),
(115, '2024-11-26 14:40:00', 'Purchase', 'PayPal', 'tok_paypal_user3@example.com', NULL, NULL, NULL, NULL, 'TXN-2024-115', 'Captured'),
(116, '2024-12-10 11:05:00', 'Purchase', 'PayPal', 'tok_paypal_user4@example.com', NULL, NULL, NULL, NULL, 'TXN-2024-116', 'Captured'),
(117, '2024-10-25 15:30:00', 'Purchase', 'ApplePay', 'tok_applepay_device1', NULL, NULL, NULL, NULL, 'TXN-2024-117', 'Captured'),
(118, '2024-11-16 12:55:00', 'Purchase', 'ApplePay', 'tok_applepay_device2', NULL, NULL, NULL, NULL, 'TXN-2024-118', 'Captured'),
(119, '2024-11-30 09:20:00', 'Purchase', 'ApplePay', 'tok_applepay_device3', NULL, NULL, NULL, NULL, 'TXN-2024-119', 'Captured'),
(120, '2024-12-14 16:45:00', 'Purchase', 'ApplePay', 'tok_applepay_device4', NULL, NULL, NULL, NULL, 'TXN-2024-120', 'Captured');




