CustomerName,TierLevel,TotalSpent,AverageOrderValue,TotalTransactions,RankInTier
William Perez,Bronze,152.38,76.19,2,1
Daniel Rogers,Bronze,127.19,127.19,1,2
Alexander Edwards,Bronze,121.19,121.19,1,3
Benjamin Campbell,Bronze,116.39,116.39,1,4
Jack Hall,Bronze,111.59,111.59,1,5
Lily Adams,Gold,209.97,69.99,3,1
Freya Mitchell,Gold,152.39,152.39,1,2
Matilda Gray,Gold,139.98,69.99,2,3
Willow Bennett,Gold,137.99,137.99,1,4
Daisy Torres,Gold,110.00,110.00,1,5
Isabella Parker,Silver,237.99,79.33,3,1
Sophia Roberts,Silver,139.98,69.99,2,2
Isla Jones,Silver,120.00,120.00,1,3
Oscar Carter,Silver,109.18,54.59,2,4
Lucas Turner,Silver,106.79,106.79,1,5
