ProductName,SKU,QuantityOnHand,CategoryName
Beard Comb Set,GRM-BRDCMB-0005,610,Beard Care
Alum Block,GRM-SHALUM-0020,550,Shaving
Matte Clay Pomade,GRM-HRPMD1-0011,530,Hair Care
Beard Trimming Scissors,GRM-BRDSCR-0003,520,Beard Care
Leather Coin Purse,ACC-COIN1-0059,510,Small Leather Goods
Cedarwood Beard Oil,GRM-BRDOIL-0001,450,Beard Care
Leather Key Ring,ACC-KEYH1-0056,420,Small Leather Goods
Sandalwood Beard Balm,GRM-BRDBLM-0002,380,Beard Care
Business Card Holder,ACC-BCRD1-0060,340,Small Leather Goods
Aftershave Balm,GRM-SHAFTR-0019,320,Shaving
Cardholder Slim Black,ACC-CARD1-0043,310,Leather Goods
Boar Bristle Beard Brush,GRM-BRDBRS-0004,290,Beard Care
Passport Holder,ACC-PASS1-0057,280,Small Leather Goods
SPF 30 Face Moisturizer,GRM-SKSPF3-0010,275,Skincare
Shoe Care Kit,ACC-SHOCA1-0069,245,Footwear
Anti-Aging Face Cream,GRM-SKFCCM-0007,220,Skincare
Oxford Button-Down Shirt,WRD-SHIRT-0023,210,Shirts
Leather Bifold Wallet Black,ACC-WLLT1-0042,195,Leather Goods
Flannel Check Shirt,WRD-SHIRT-0025,190,Shirts
Vitamin C Serum,GRM-SKVCSM-0008,185,Skincare
Egyptian Cotton Dress Shirt White,WRD-SHIRT-0021,180,Shirts
Leather Belt Brown,ACC-BELT1-0044,175,Leather Goods
Egyptian Cotton Dress Shirt Blue,WRD-SHIRT-0022,165,Shirts
Linen Summer Shirt,WRD-SHIRT-0024,155,Shirts
Chino Trousers Beige,WRD-TROU2-0038,142,Trousers
Quarter Zip Pullover,WRD-KNIT4-0030,135,Knitwear
Merino Wool V-Neck Sweater Navy,WRD-KNIT1-0026,125,Knitwear
Hair Styling Bundle,GRM-HRGFT1-0063,105,Hair Care
Travel Essentials,ACC-TRVL1-0070,95,Small Leather Goods
Cable Knit Jumper,WRD-KNIT3-0029,95,Knitwear
Wool Dress Trousers Charcoal,WRD-TROU1-0036,95,Trousers
Luxury Beard Gift Set,GRM-BRDGFT-0061,88,Beard Care
Wool Dress Trousers Navy,WRD-TROU1-0037,88,Trousers
Leather Accessories Set,ACC-LTHGFT-0068,78,Leather Goods
Denim Jacket,WRD-COAT5-0035,72,Outerwear
Formal Shirt Twin Pack,WRD-SHIRT-0065,72,Shirts
Dress Watch Leather Strap,ACC-WTCH5-0050,62,Watches
Complete Skincare Set,GRM-SKGFT1-0062,62,Skincare
Trouser Essentials,WRD-TROU9-0067,52,Trousers
Traditional Shaving Kit,GRM-SHGFT1-0064,48,Shaving
Wool Overcoat Navy,WRD-COAT1-0031,42,Outerwear
Diving Watch Black,ACC-WTCH4-0049,38,Watches
Sweater Collection,WRD-KNIT9-0066,35,Knitwear
