ProductName,UnitPrice,CostPrice,ProfitPerUnit,MarginPercentage,CategoryName
Alum Block,8.99,4.00,4.99,55.51,Shaving
Beard Comb Set,9.99,4.50,5.49,54.95,Beard Care
Sea Salt Spray,10.99,5.00,5.99,54.50,Hair Care
Badger Hair Shaving Brush,34.99,16.00,18.99,54.27,Shaving
Charcoal Face Wash,11.99,5.50,6.49,54.13,Skincare
Hair Wax Strong Hold,11.99,5.50,6.49,54.13,Hair Care
Beard Trimming Scissors,12.99,6.00,6.99,53.81,Beard Care
Thickening Shampoo,12.99,6.00,6.99,53.81,Hair Care
Exfoliating Scrub,13.99,6.50,7.49,53.54,Skincare
Argan Oil Conditioner,13.99,6.50,7.49,53.54,Hair Care
