OrderID,Customer,TotalAmount,AverageOrderValue
22,Freya Mitchell,152.39,77.01
38,Jacob Cooper,147.59,77.01
10,Amelia Evans,143.99,77.01
30,Charlotte Morris,142.79,77.01
118,Isabella Parker,140.00,77.01
50,Willow Bennett,137.99,77.01
42,Daisy Torres,136.79,77.01
18,George Green,134.99,77.01
34,Leo Bell,129.59,77.01
54,Daniel Rogers,127.19,77.01
14,Mia Walker,125.99,77.01
46,Theodore Watson,122.39,77.01
28,Alexander Edwards,121.19,77.01
116,Isla Jones,120.00,77.01
12,Isla Jones,118.79,77.01
44,Sebastian Ramirez,117.59,77.01
26,Benjamin Campbell,116.39,77.01
